Workbook

Sheet 0
B2: FAM UPGRADE - WAVE 4
B4: 1 | C4: 2 | E4: 1 | F4: =E4+1 -> 2 | G4: =F4+1 -> 3 | H4: =G4+1 -> 4 | I4: =H4+1 -> 5 | J4: =I4+1 -> 6 | L4: =J4+1 -> 7 | N4: 1 | O4: 2
B5: FAM Wave 4 | C5: 1 | E5: =B5 -> FAM Wave 4 | L5: Conso. | N5: Common
C6: 2 | E6: - | H6: Detail | L6: - | N6: -
C7: 3 | E7: Item | F7: - | G7: - | H7: - | I7: Priority | J7: Note | L7: - | N7: -
C8: =ROW()-7 -> 1 | E8: =B5 -> FAM Wave 4 | F8: Enhancement | G8: Tài sản | H8: Dashboard tài sản hiển thị theo hướng visualize; có thể customize theo nhiều tiêu chí | I8: 1 | J8: Login vào là nhìn thấy luôn. Cần liệt kê rõ ràng role | L8: 1
C9: =ROW()-7 -> 2 | H9: Ẩn hiện tùy chọn tài sản vô hiệu hóa khỏi danh sách tài sản | I9: 2
C10: =ROW()-7 -> 3 | H10: Đổi vị trí hiển thị một số cột trong danh sách tài sản | I10: 2
C11: =ROW()-7 -> 4 | G11: Cấp tài sản | H11: Upload phiếu cấp tài sản theo danh sách | I11: 3
C12: =ROW()-7 -> 5 | G12: Auto xác nhận phiếu cấp tài sản | H12: Sau 20 ngày kể từ khi request bàn giao tài sản được tạo, user không có phản hồi, Hệ thống tự động xác nhận. | I12: 2
C13: =ROW()-7 -> 6 | G13: Intergration | H13: Atuto đồng bộ OMS khi orgchart thay đổi | I13: 2
C14: =ROW()-7 -> 7 | H14: Đồng bộ tiêu đề PO từ EMS sang FAM | I14: 2
C15: =ROW()-7 -> 8 | H15: Tài sản từ EMS, cột "Thông tin thời gian đưa vào sử dụng, Thời gian bắt đầu bảo hành" = thời gian PO được phê duyệt . | I15: 2
C16: =ROW()-7 -> 9 | G16: Thanh lý | H16: Bổ sung luồng phê duyệt cho ATM | I16: 3 | J16: Thêm thông tin as is và to be
C17: =ROW()-7 -> 10 | F17: New launch | G17: Modul kho | H17: Xuất - nhập kho tài sản Tiếp nhận yêu cầu xuất - nhập kho từ yêu cầu cấp ts, thanh lý tài sản, điều chuyển ts về kho. | I17: 1 | L17: 5
C18: =ROW()-7 -> 11 | G18: Modul sửa chữa tài sản | H18: Tạo yêu cầu sửa chữa tài sản thực hiện trên FAM => Hệ thống tạo yêu cầu (gửi link) sang Hệ thống ITSM và Cổng hỗ trợ chi nhánh trên intranet. Hoàn tất, yêu cầu đc feed back qua FAM | I18: 4 | J18: Cần Clear qui trình | L18: 3
C19: All
B22: Common | C22: -

Sheet 1
B2: DASHBOARD TÀI SẢN
B4: 1 | C4: 2 | D4: 3
B5: Mục tiêu | C5: Giao diện tổng quan, trực quan hóa dữ liệu
C6: Hỗ trợ đưa ra quyết định nhanh chóng
B8: Phạm vi | C8: Data tài sản theo phòng, ban orgchart
C9: Data tài sản theo trạng thái tài sản
C10: Biến động tài sản theo thời gian
C11: Tỷ lệ sử dụng tài sản
C12: Tài sản hết bảo hành, tài sản có thời gian sử dụng> 3 năm, > 5 năm
B13: Nghiệp vụ
C14: Dashboard tổng quan | D14: Số lượng tài sản
D15: Giá trị tài sản
D16: % Tài sản còn bảo hành
D17: % Tài sản sử dụng
C18: Biểu đồ tương tác (có thể hover xem chi tiết hoặc click chuyển sang module liên quan) | D18: Biểu đồ phân bổ tài sản dạng tròn
D19: Biểu đồ giá trị tài sản theo dạng cột
D20: Biểu đồ biến động tài sản theo thời gian dạng đường
D21: …
C22: Bộ lọc dữ liệu các nhóm tiêu chí | D22: Theo Phòng ban
D23: Theo nhóm/phân nhóm/tên tài sản
D24: Theo trạng thái tài sản
D25: Theo thời gian sử dụng
D26: Theo khoảng thời gian phát sinh
C27: Cho phép xuất dữ liệu Dashboard ra file excel
B31: 1 | C31: 2 | D31: 3 | E31: 4
B32: Content | D32: Value | E32: Type of chart | F32: Note
B33: 1. Dashboard tổng quan | C33: 1. Total assets | D33: Count số lượng (All tài sản - Đã thanh lý - Vô hiệu hóa)
C34: 2. Total value | D34: Sum nguyên giá (All tài sản - Đã thanh lý - Vô hiệu hóa)
C35: 3. Warranty status | D35: Tỷ lệ phần trăm theo số lượng tài sản còn hạn bảo hành/(All tài sản - Vô hiệu hóa - Đã thanh lý)
C36: 4. Utilization rate | D36: Tỷ lệ phần trăm theo số lượng tài sản có trạng thái đang sử dụng/(All tài sản - Vô hiệu hóa - Đã thanh lý)
B38: 2. Bộ lọc dùng chung | C38: 1. Vùng | D38: LOV
C39: 2. Đơn vị sử dụng | D39: LOV đồng bộ từ OMS
C40: 3. CAT 1 | D40: LOV
C41: 4. Group name | D41: LOV
C42: 5. Asset status | D42: LOV asset status (Không bao gồm Đã thanh lý, Vô hiệu hóa)
B44: 3. Chart | C44: 1. Asset Distribution
C45: - Cơ cấu nhóm tài sản theo trạng thái tài sản | D45: Nguyên giá | E45: Sunburst - Vòng trong: Nhóm IT/ADM/CMD - Vòng ngoài: Trạng thái | F45: Khi Hover chuột thể hiện số lượng, và giá trị
C46: - Cơ cấu nhóm tài sản theo Vùng, theo Đơn vị sử dụng | D46: Nguyên giá | E46: Stacked Column
C47: 2. Asset Value by Group Name | D47: Nguyên giá | E47: Column
C48: 3. Asset Fluctuation Over Time (Month/Year) | D48: Nguyên giá | E48: Line
C49: 4. Asset by Time in Use | D49: Số lượng | E49: Scatter
B50: 4. Xuất file Excel

Sheet 5
B2: MODULE QUẢN LÝ KHO
D5: As - is | F5: To - be | I5: BRD
B6: Process | D6: Step | E6: Role | F6: Step | G6: Role | H6: Note | I6: Function flow | J6: Details
B7: Điều chuyển | C7: Nội bộ
C8: Chéo
C9: Về kho | D9: 1. Tạo | E9: AMP/BU | F9: 1. Tạo | G9: AMP/BU User | I9: unchanged
D10: 2. Duyệt - Duyệt: chuyển bước 3 - Từ chối: về bước 1 | E10: BU Mgr | F10: 2. Duyệt - Duyệt: chuyển bước 3 - Từ chối: về bước 1 | G10: BU Mgr | I10: unchanged
D11: 3. Xác nhận điều chuyển - Xác nhận: Kết thúc luồng - Từ chối: về bước 1 | E11: AMP | F11: 3. Xác nhận điều chuyển - Xác nhận: kết thúc luồng, hệ thống auto tạo YC nhập kho - Từ chối: Về bước 1 | G11: AMP | I11: unchanged
B14: Nhập kho | F14: 1. Tạo YC nhập kho | G14: System | H14: System tạo thay cho AMP. YC nhập kho nằm trong DS Đã xử lý trong Menu Xuất nhập kho. Khi YC Nhập kho bị Từ chối, AMP có thể submit tiếp / Cancel YC nhập kho. Nếu cancel YC nhập kho, hệ thống tự động cancel YC Đ/C về kho. | I14: 5.1.1a | J14: 5.1.1b
F15: 2. Tiếp nhận, duyệt: - Duyệt: chuyển bước 3 - Từ chối: về bước 1 | G15: Warehouse Mgr | H15: TH Từ chối, YC về bước 1. AMP view đc các YC nhập kho và action như người khởi tạo YC nhập kho | I15: 5.1.2a | J15: 5.1.2b
F16: 3. Tiếp nhận hàng hóa: - Duyệt: kết thúc luồng, hệ thống update kết quả cho YC ĐC về kho - Từ chối: về bước 1 | G16: WK | H16: TH Từ chối, YC về bước 1. AMP view đc các YC nhập kho và action như người khởi tạo YC nhập kho. AMP có thể submit tiếp / Cancel YC nhập kho. Trường hợp AMP cancel YC nhập kho, hệ thống tự động cancel YC điều chuyển về ko | I16: 5.1.3a | J16: 5.1.3b
B18: Nhập kho thủ công | F18: 1. Tạo YC nhập kho | G18: AMP | I18: 5.2.1a | J18: 5.2.1b
F19: 2. Tiếp nhận, duyệt: - Duyệt: chuyển bước 3 - Từ chối: về bước 1 | G19: Warehouse Mgr | I19: 5.2.2a | J19: 5.2.2b
F20: 3. Tiếp nhận hàng hóa: - Duyệt: kết thúc luồng. - Từ chối: về bước 1 | G20: WK | I20: 5.2.3a | J20: 5.2.3b
B21: Hủy nhập kho | F21: 1. Nhập thông tin tìm kiếm yêu cầu | G21: AMP | I21: 5.3.1a | J21: 5.3.1b
F22: 2. Hiển thị kết quả | G22: System
F23: 3. Chọn, xem yêu cầu - Hủy: Kết thúc luồng | G23: AMP | H23: Update RQ điều chuyển sang trạng thái Đã hủy
F24: - Thoát
B26: Cấp TS | D26: 1. Tạo YC | E26: AMP | F26: 1. Tạo YC | G26: AMP | I26: unchanged
D27: 2. Xác nhận - Xác nhận: kết thúc luồng - Từ chối: về bước 1 | E27: BU User | F27: 2. Duyệt cấp TS - Duyệt: Kết thúc luồng. Hệ thống auto tạo YC xuất kho - Từ chối: Về bước 1 | G27: AM | I27: 5.4.0a | J27: 5.4.0b
B29: Thanh lý TS | D29: 1. Tạo YC | E29: AMP/BU User | F29: 1. Tạo YC | G29: AMP/BU User | I29: unchanged
D30: 2. Kiểm soát | E30: Checker | F30: 2. Kiểm soát | G30: Checker | I30: unchanged
D31: 3. Duyệt chủ trương | E31: Approver | F31: 3. Duyệt chủ trương | G31: Approver | I31: unchanged
D32: 4. Thanh lý TS (manual) | E32: AMP/BU User | F32: 4. Thanh lý TS (manual) | G32: AMP/BU User | I32: unchanged
D33: 5. Cập nhật kết quả TL | E33: AMP/BU User | F33: 5. Cập nhật kết quả TL: - Bid: chuyển bước 6, - Direct: Kết thúc luồng. Hệ thống auto tạo YC xuất kho. | G33: AMP/BU User | I33: unchanged
D34: 6. Kiểm soát | E34: Checker | F34: 6. Kiểm soát | G34: Checker | I34: unchanged
D35: 7. Duyệt KQ TL | E35: Approver | F35: 7. Duyệt KQ TL - Duyệt: Kết thúc luồng. Hệ thống auto tạo YC xuất kho - Từ chối: Về bước 5 | G35: Approver | I35: unchanged
B38: Xuất kho | F38: 1. Tạo YC xuất kho | G38: System | H38: System tạo thay cho AMP. YC xuất kho nằm trong DS Đã xử lý trong Menu Xuất nhập kho. Khi YC Xuất kho bị Từ chối, AMP có thể cancel YC Xuất kho. Khi Cancel YC xuất kho, hệ thống sẽ auto cancel YC Thanh lý TS, YC Cấp TS | I38: 5.4.1a | J38: 5.4.1b
F39: 2. Nhận YC xuất kho: - Xác nhận: Chuyển bước 3 - Từ chối: về bước 1 | G39: WK | H39: TH Từ chối, YC về bước 1. AMP view đc các YC xuất kho và action như người khởi tạo YC xuất kho. Trong YC xuất kho: - YC xuất kho link từ YC thanh lý: Không có nút Từ chối. Chỉ có nút: Xác nhận - YC xuất kho link từ YC cấp TS: Có nút Xác nhận, Từ chối | I39: 5.4.2a | J39: 5.4.2b
F40: 3. Duyệt: - Duyệt: chuyển bước 4 - Từ chối: Về bước 1 | G40: Warehouse Mgr | I40: 5.4.3a | J40: 5.4.3b
F41: 4. Xuất hàng (manual task) | G41: WK
F42: 5. Nhận hàng xuất kho - Xác nhận: kết thúc luồng. Hệ thống auto update kết quả cho YC Thanh lý, YC Cấp TS - Từ chối: Về bước 1 | G42: BU User | I42: 5.4.4a | J42: 5.4.4b
B43: Hủy xuất kho | F43: 1. Nhập thông tin tìm kiếm yêu cầu | G43: AMP | I43: 5.5.1a | J43: 5.5.1b
F44: 2. Hiển thị kết quả | G44: System
F45: 3. Chọn, xem yêu cầu - Hủy: Kết thúc luồng | G45: AMP
F46: - Thoát
B48: Điều chuyển kho | F48: 1. Tạo YC điều chuyển kho | G48: AMP | I48: 5.6.1a | J48: 5.6.1b
F49: 2. Duyệt YC điều chuyển kho: - Duyệt: chuyển bước 3 - Từ chối: về bước 1 | G49: AM, Warehouse Mgr | I49: 5.6.2a | J49: 5.6.2b
F50: 3. Xuất kho | G50: WK (kho đi) | H50: Hệ thống tự động generate biên bản xuất kho, bút toán xuất kho
F51: 4. Nhập kho | G51: WK (kho đến) | H51: Hệ thống tự động generate biên bản nhập kho, bút toán nhập kho

Sheet 5.1.1a
A1: <<<
B2: ĐIỀU CHUYỂN VỀ KHO
B3: Tạo yêu cầu nhập kho

Sheet 5.1.1b
A1: <<<
B2: ĐIỀU CHUYỂN VỀ KHO
B3: ='5.1.1a'!B3 -> Tạo yêu cầu nhập kho
B5: 1 | C5: 2 | E5: 1 | F5: =E5+1 -> 2 | G5: =F5+1 -> 3 | H5: =G5+1 -> 4 | I5: =H5+1 -> 5 | J5: =I5+1 -> 6 | K5: =J5+1 -> 7 | L5: =K5+1 -> 8 | M5: =L5+1 -> 9 | ... U5: =T5+1 -> 17
B6: 1. Tạo yêu cầu nhập kho | C6: 1 | E6: Data | R6: Status | S6: Notification | T6: Template | U6: Biz rule
C7: 2 | E7: Tab/section | F7: Operator | G7: Action | H7: Field name VN | I7: M/O | J7: Field type | K7: Editable | L7: Max length | M7: Format | N7: Default value | O7: LOV | P7: Data source | Q7: Data rule
C8: Hệ thống | E8: Hệ thống tự tạo yêu cầu nhập kho
E9: Thông tin chung
F10: System | G10: Display | H10: Số yêu cầu | I10: M | J10: Text | K10: N | L10: 50 | M10: NK.YY.xxxx | Q10: YY = Year, xxxx = số chạy từ 1-9999 không dùng lại
F11: System | G11: Display | H11: Ngày tạo | I11: M | J11: Date | K11: N | L11: 50 | M11: MM.DD.YYYY | N11: Today
F12: System | G12: Display | H12: Tiêu đề | I12: M | J12: Text | K12: N | L12: 150 | Q12: =Tiêu đề RQ điều chuyển
E13: DS tài sản nhập kho | Q13: = Tài sản từ RQ điều chuyển
F14: System | G14: Display | H14: Mã tài sản | I14: M | K14: N | Q14: Hiển thị mặc định
F15: System | G15: Display | H15: Tên Tài sản | I15: M | K15: N | Q15: Hiển thị mặc định
F16: System | G16: Display | H16: Mô tả TS | I16: M | K16: N | Q16: Hiển thị mặc định
F17: System | G17: Display | H17: Trạng thái TS | I17: M | K17: N | Q17: Hiển thị mặc định
F18: System | G18: Display | H18: Phân nhóm TS (group name) | I18: M | K18: N | Q18: Hiển thị mặc định
F19: System | G19: Display | H19: Nhóm TS (CAT1) | I19: M | K19: N | Q19: Hiển thị mặc định
F20: System | G20: Display | H20: Số PO | I20: M | K20: N | Q20: Hiển thị mặc định
F21: System | G21: Display | H21: Tên nhà cung cấp | I21: O | K21: N | Q21: Ẩn hiện tùy biến
F22: System | G22: Display | H22: Nguyên giá TS (VAT incl) | I22: M | K22: N | Q22: Ẩn hiện tùy biến
F23: System | G23: Display | H23: Mã TS liên quan | I23: O | K23: N | Q23: Ẩn hiện tùy biến
F24: System | G24: Display | H24: Mô tả TS liên quan | I24: O | K24: N | Q24: Ẩn hiện tùy biến
F25: System | G25: Display | H25: Tên người sử dụng | I25: M | K25: N | Q25: Hiển thị mặc định
... F39: System | G39: Display | H39: Ngày bắt đầu sử dụng | I39: O | K39: N | Q39: Ẩn hiện tùy biến
E40: Thông tin kho nhập
F41: System | G41: Display | H41: Tên kho | I41: M | J41: List | K41: N | L41: 50 | Q41: = Kho trong RQ điều chuyển
F42: System | G42: Display | H42: Địa chỉ kho | I42: M | J42: Text | K42: N | L42: 50 | P42: OMS | Q42: Tự động nhận diện, hiển thị theo Tên kho
F43: System | G43: Display | H43: Quản lý kho | I43: M | J43: Text | K43: N | L43: 50 | P43: OMS | Q43: Tự động nhận diện, hiển thị theo Tên kho (Tên | Phòng ban | Email)
E44: Thông tin đầu mối giao hàng
F45: User | G45: Input | H45: Đầu mối | I45: M | J45: Text | K45: N | L45: 50 | Q45: = Đầu mối giao hàng tròng RQ điều chuyển
F46: User | G46: Input | H46: Số điện thoại | I46: M | J46: Number | K46: N | L46: 52
F47: User | G47: Input | H47: Thời gian bàn giao | I47: O | J47: Date | K47: N | L47: 50
E48: Ghi chú | F48: User | G48: Input | H48: Ghi chú | I48: M | J48: Text | K48: N | L48: 150 | Q48: = SỐ RQ điều chuyển
E49: Hồ sơ đính kèm | Q49: =Hồ sơ đính kèm trong RQ điều chuyển
F50: User | G50: Select | H50: Thêm | I50: M | J50: Button | K50: N
F51: User | G51: Select | H51: File | I51: M | K51: N
F52: System/User | G52: Display/Select | H52: Tên thư mục | I52: M | K52: N
F53: System/User | G53: Display/Input | H53: Tên tài liệu | I53: M | J53: Text | K53: N | L53: 150
F54: System | G54: Display | H54: Ngày | I54: M | K54: N
F55: System | G55: Display | H55: Tên | I55: M | K55: N
F56: System | G56: Display | H56: Dung lượng | I56: M | K56: N
F57: System | G57: Display | H57: Tên file | I57: M | K57: N
B58: 2. Cập nhật trạng thái yêu cầu | C58: Hệ thống
F59: System | G59: Update | H59: Trạng thái RQ điều chuyển | Q59: Đã xác nhận
F60: System | G60: Update | H60: Trạng thái RQ nhập kho | Q60: Chờ phê duyệt
B61: 3. Cập nhật tasklist | C61: Hệ thống
F62: System | G62: Update | H62: Tasklist AMP | Q62: "Đã xử lý"
F63: System | G63: Update | H63: Tasklist WM | Q63: "Cần xử lý"
B64: 4. Thông báo cho Warehouse Mgr. | C64: Hệ thống
F65: System | G65: Send | H65: Email notification | J65: Notification | S65: N.
B69: ** RQ điều chuyển hoàn thành ~ tài sản unlock khỏi rq điều chuyển
B70: RQ nhập kho ~ tài sản lock bởi rq nhập kho
B71: Chưa cập nhật thông tin tài sản cho đến khi RQ nhập kho hoàn thành

Sheet 5.1.1b (2)
A1: <<<
B2: ĐIỀU CHUYỂN VỀ KHO
B3: =#REF! -> #REF!
B5: 1 | C5: 2 | E5: 1 | F5: =E5+1 -> 2 | G5: =F5+1 -> 3 | H5: =G5+1 -> 4 | I5: =H5+1 -> 5 | J5: =I5+1 -> 6 | K5: =J5+1 -> 7 | L5: =K5+1 -> 8 | M5: =L5+1 -> 9 | ... U5: =T5+1 -> 17
B6: 1. Nhập thông tin tìm kiếm yêu cầu | C6: 1 | E6: Data | R6: Status | S6: Notification | T6: Template | U6: Biz rule
C7: 2 | E7: Tab/section | F7: Operator | G7: Action | H7: Field name VN | I7: M/O | J7: Field type | K7: Editable | L7: Max length | M7: Format | N7: Default value | O7: LOV | P7: Data source | Q7: Data rule
C8: AMP | E8: Tìm kiếm yêu cầu
F9: User | G9: Input | H9: Mã yêu cầu | I9: O | J9: Text | K9: Y | L9: 20
F10: User | G10: Input | H10: Tiêu đề | I10: O | J10: Text | K10: Y | L10: 100
F11: User | G11: Select | H11: Người xử lý | I11: O | J11: List | K11: Y | L11: 20
F12: User | G12: Select | H12: Loại điều chuyển | I12: O | J12: List | K12: Y | L12: 20
F13: User | G13: Select | H13: Trạng thái | I13: O | J13: List | K13: Y | L13: 20
F14: User | G14: Select | H14: Người tạo | I14: O | J14: List | K14: Y | L14: 20
F15: User | G15: Select | H15: Người đề xuất | I15: O | J15: List | K15: Y | L15: 20
F16: User | G16: Input | H16: Ngày tạo | I16: O | J16: Date | K16: Y | L16: 50
F17: User | G17: Select | H17: Đơn vị điều chuyển | I17: O | J17: List | K17: Y | L17: 50
F18: User | G18: Select | H18: Đơn vị nhận điều chuyển | I18: O | J18: List | K18: Y | L18: 50
B19: 2. Hiển thị kết quả tìm kiếm | C19: Hệ thống | E19: Danh sách yêu cầu
F20: System | G20: Display | H20: Mã yêu cầu | I20: M | J20: Text | K20: N | L20: 20
F21: System | G21: Display | H21: Tiêu đề | I21: M | J21: Text | K21: N | L21: 100
F22: System | G22: Display | H22: Người tạo | I22: M | J22: Text | K22: N | L22: 20
F23: System | G23: Display | H23: Trạng thái | I23: M | J23: Text | K23: N | L23: 20
F24: System | G24: Display | H24: Loại điều chuyển | I24: M | J24: Text | K24: N | L24: 20
F25: System | G25: Display | H25: Người xử lý | I25: O | J25: Text | K25: N | L25: 20
F26: System | G26: Display | H26: Đơn vị điều chuyển | I26: O | J26: Text | K26: N | L26: 20
F27: System | G27: Display | H27: Đơn vị nhận điều chuyển | I27: O | J27: Text | K27: N | L27: 50
B29: 3. Chọn yêu cầu, xem | C29: AMP | F29: User | G29: Select | H29: Yêu cầu
E30: Thông tin chung
F31: System | G31: Display | H31: Loại điều chuyển | I31: M | J31: Text | K31: N
F32: System | G32: Display | H32: Số yêu cầu | I32: M | J32: Text | K32: N
F33: System | G33: Display | H33: Ngày tạo | I33: M | J33: Date | K33: N
F34: System | G34: Display | H34: Tiêu đề | I34: M | J34: Text | K34: N
E35: DS tài sản
F36: System | G36: Display | H36: Mã tài sản | I36: M | K36: N
F37: System | G37: Display | H37: Tên Tài sản | I37: M | K37: N
F38: System/User | G38: Display/Edit | H38: Mô tả TS | I38: M | K38: N
F39: System | G39: Display | H39: Phân nhóm TS (group name) | I39: M | K39: N
F40: System | G40: Display | H40: Nhóm TS (CAT1) | I40: M | K40: N
F41: System | G41: Display | H41: Mã TS liên quan | I41: O | K41: N
F42: System | G42: Display | H42: Mô tả TS liên quan | I42: O | K42: N
F43: System | G43: Display | H43: Nguyên giá TS (VAT incl) | I43: M | K43: N
F44: System | G44: Display | H44: Số PO | I44: M | K44: N
F45: System | G45: Display | H45: Trạng thái TS | I45: M | K45: N
F46: System | G46: Display | H46: Loại giao dịch tài sản | I46: M | K46: N
F47: System | G47: Display | H47: Tên người sử dụng | I47: O | K47: N
... F56: System | G56: Display | H56: Thời hạn bảo hành | I56: O | K56: N
F57: System | G57: Display | H57: Ngày kết thúc bảo hành | I57: O | K57: N | Q57: = Ngày bắt đầu bảo hành + thời hạn bảo hành
F58: System | G58: Display | H58: Công ty bảo hành | I58: O | K58: N
F59: System | G59: Display | H59: Tên người liên hệ bảo hành | I59: M | K59: N
F60: System | G60: Display | H60: Điện thoại người liên hệ | I60: M | K60: N
F61: System | G61: Display | H61: Ngày bắt đầu sử dụng | I61: M | K61: N
E62: Thông tin điều chuyển
F63: System | G63: Display | H63: Người nhận tài sản điều chuyển | I63: M | J63: Text | K63: N
F64: System | G64: Display | H64: Thông tin liên hệ | I64: M | K64: N
F65: System | G65: Display | H65: Đơn vị nhận tài sản điều chuyển | I65: M | K65: N
E66: Hồ sơ đính kèm
F67: System | G67: Display | H67: Tên thư mục | I67: M | K67: N
F68: System | G68: Display | H68: Tên tài liệu | I68: M | K68: N
F69: System | G69: Display | H69: Ngày | I69: M | K69: N
F70: System | G70: Display | H70: Tên | I70: M | K70: N
F71: System | G71: Display | H71: Dung lượng | I71: M | K71: N
F72: System | G72: Display | H72: Tên file | I72: M | K72: N
F73: System | G73: Display | H73: File | Q73: Người nhận có thể add/delete file do người nhận đính kèm, không được delete file đính kèm bởi người khởi tạo
E74: Quá trình xử lý
F75: System | G75: Display | H75: Người xử lý | I75: M | K75: N | M75: Tên người xử lý | Tên đơn vị
F76: System | G76: Display | H76: Hành động | I76: M | K76: N
E77: Lịch sử
F78: System | G78: Display | H78: Người xử lý | I78: M | K78: N | M78: Tên người xử lý | Tên đơn vị
F79: System | G79: Display | H79: Hành động | I79: M | K79: N
F80: System | G80: Display | H80: Thời gian | I80: M | K80: N
F81: System | G81: Display | H81: Ghi chú | I81: M | K81: N
E82: Quyết định
F83: User | G83: Select | H83: Từ chối | I83: M | J83: Button | K83: N
F84: User | G84: Select | H84: Xác nhận | I84: M | J84: Button | K84: N
F85: User | G85: Select | H85: Bổ sung TT | I85: M | J85: Button | K85: N
B86: 4. Nhập lý do từ chối | C86: AMP
F87: User | G87: Nhập | H87: Lý do từ chối | I87: M | J87: Text | K87: Y | L87: 150
B88: 5. Cập nhật trạng thái yêu cầu | C88: Hệ thống
F89: System | G89: Update | H89: Trạng thái yêu cầu | R89: Từ chối
B90: 6. Unlock tài sản | C90: Hệ thống
F91: System | G91: Update | H91: Trạng thái lock tài sản | Q91: Hệ thống unlock asset. Asset có thể được pickup cho 1 request khác.
B92: 7. Cập nhật tasklist | C92: Hệ thống
F93: System | G93: Update | H93: Tasklist AMP | Q93: Danh sách tasklist "Đã xử lý"
F94: System | G94: Update | H94: Tasklist người khởi tạo | Q94: Danh sách tasklist "Cần xử lý"
B95: 8. Thông báo cho Người khởi tạo | C95: Hệ thống
F96: System | G96: Send | H96: Email notification | J96: Notification | S96: N.2.1.3.1
B97: 9. Xác nhận, tạo yêu cầu nhập kho | C97: Hệ thống | E97: Tạo yêu cầu nhập kho
E98: Thông tin chung
F99: System | G99: Display | H99: Số yêu cầu | I99: M | J99: Text | K99: N | L99: 50 | M99: NK.YY.xxxx | Q99: YY = Year, xxxx = số chạy từ 1-9999 không dùng lại
F100: System | G100: Display | H100: Ngày tạo | I100: M | J100: Date | K100: N | L100: 50 | M100: MM.DD.YYYY | N100: Today
F101: System | G101: Display | H101: Tiêu đề | I101: M | J101: Text | K101: Y | L101: 150 | Q101: =Tiêu đề RQ điều chuyển _ số RQ điều chuyển
F102: User | G102: Select | H102: Thêm tài sản | I102: M | J102: Button | K102: N
E103: DS tài sản nhập kho | Q103: = Tài sản từ RQ điều chuyển
F104: System | G104: Display | H104: Mã tài sản | I104: M | K104: N
F105: System | G105: Display | H105: Tên Tài sản | I105: M | K105: N
F106: System | G106: Display | H106: Mô tả TS | I106: M | K106: N
F107: System | G107: Display | H107: Trạng thái TS | I107: O | K107: N
F108: System | G108: Display | H108: Phân nhóm TS (group name) | I108: M | K108: N
F109: System | G109: Display | H109: Nhóm TS (CAT1) | I109: M | K109: N
F110: System | G110: Display | H110: Số PO | I110: M | K110: N
...

Sheet 5.1.2a
A1: <<<
B2: ĐIỀU CHUYỂN VỀ KHO
B3: Phê duyệt yêu cầu nhập kho

Sheet 5.1.2b
A1: <<<
B2: ='5.1.2a'!B2 -> ĐIỀU CHUYỂN VỀ KHO
B3: ='5.1.2a'!B3 -> Phê duyệt yêu cầu nhập kho
B5: 1 | C5: 2 | E5: 1 | F5: =E5+1 -> 2 | G5: =F5+1 -> 3 | H5: =G5+1 -> 4 | I5: =H5+1 -> 5 | J5: =I5+1 -> 6 | K5: =J5+1 -> 7 | L5: =K5+1 -> 8 | M5: =L5+1 -> 9 | ... U5: =T5+1 -> 17
B6: 1. Nhập thông tin tìm kiếm yêu cầu | C6: 1 | E6: Data | R6: Status | S6: Notification | T6: Template | U6: Biz rule
C7: 2 | E7: Tab/section | F7: Operator | G7: Action | H7: Field name VN | I7: M/O | J7: Field type | K7: Editable | L7: Max length | M7: Format | N7: Default value | O7: LOV | P7: Data source | Q7: Data rule
C8: Warehouse Mgr. | E8: Tìm kiếm yêu cầu
F9: User | G9: Input | H9: Số yêu cầu | I9: O | J9: Text | K9: Y | L9: 20
F10: User | G10: Input | H10: Ngày tạo | I10: O | J10: Date | K10: Y | L10: 20
F11: User | G11: Input | H11: Tiêu đề | I11: O | J11: Text | K11: Y | L11: 150
F12: User | G12: Select | H12: Người tạo | I12: O | J12: List | K12: Y | L12: 20
F13: User | G13: Select | H13: Trạng thái yêu cầu | I13: O | J13: List | K13: Y | L13: 20
F14: User | G14: Select | H14: Người xử lý | I14: O | J14: List | K14: Y | L14: 20
F15: User | G15: Input | H15: Ngày xác nhận | I15: O | J15: Date | K15: Y | L15: 20
B16: 2. Hiển thị kết quả tìm kiếm | C16: Hệ thống | E16: Danh sách yêu cầu
F17: System | G17: Display | H17: Số yêu cầu | I17: M | J17: Text | K17: N | L17: 20
F18: System | G18: Display | H18: Ngày tạo | I18: M | J18: Date | K18: N | L18: 20
F19: System | G19: Display | H19: Tiêu đề | I19: M | J19: Text | K19: N | L19: 150
F20: System | G20: Display | H20: Người tạo | I20: M | J20: Text | K20: N | L20: 20
F21: System | G21: Display | H21: Trạng thái yêu cầu | I21: M | J21: Text | K21: N | L21: 20
F22: System | G22: Display | H22: Người xử lý | I22: O | J22: Text | K22: N | L22: 20
F23: System | G23: Display | H23: Ngày xác nhận | I23: O | J23: Date | K23: N | L23: 20
B24: 3. Chọn yêu cầu, xem | C24: Warehouse Mgr. | F24: User | G24: Select | H24: Yêu cầu
E25: Thông tin chung
F26: System | G26: Display | H26: Số yêu cầu | I26: M | J26: Text | K26: N
F27: System | G27: Display | H27: Ngày tạo | I27: M | J27: Date | K27: N
F28: System | G28: Display | H28: Tiêu đề | I28: M | J28: Text | K28: N
E29: DS tài sản nhập kho
F30: System | G30: Display | H30: Mã tài sản | I30: M | K30: N | Q30: Hiển thị mặc định
F31: System | G31: Display | H31: Tên Tài sản | I31: M | K31: N | Q31: Hiển thị mặc định
F32: System | G32: Display | H32: Mô tả TS | I32: M | K32: N | Q32: Hiển thị mặc định
F33: System | G33: Display | H33: Trạng thái TS | I33: M | K33: N | Q33: Hiển thị mặc định
F34: System | G34: Display | H34: Phân nhóm TS (group name) | I34: M | K34: N | Q34: Hiển thị mặc định
F35: System | G35: Display | H35: Nhóm TS (CAT1) | I35: M | K35: N | Q35: Hiển thị mặc định
F36: System | G36: Display | H36: Số PO | I36: M | K36: N | Q36: Hiển thị mặc định
F37: System | G37: Display | H37: Tên nhà cung cấp | I37: O | K37: N | Q37: Ẩn hiện tùy biến
F38: System | G38: Display | H38: Nguyên giá TS (VAT incl) | I38: M | K38: N | Q38: Ẩn hiện tùy biến
F39: System | G39: Display | H39: Mã TS liên quan | I39: O | K39: N | Q39: Ẩn hiện tùy biến
F40: System | G40: Display | H40: Mô tả TS liên quan | I40: O | K40: N | Q40: Ẩn hiện tùy biến
F41: System | G41: Display | H41: Tên người sử dụng | I41: M | K41: N | Q41: Hiển thị mặc định
... F55: System | G55: Display | H55: Ngày bắt đầu sử dụng | I55: O | K55: N | Q55: Ẩn hiện tùy biến
E56: Thông tin kho nhập
F57: System | G57: Display | H57: Tên kho | I57: M | J57: List | K57: N | L57: 50
F58: System | G58: Display | H58: Địa chỉ kho | I58: M | J58: Text | K58: Y | L58: 50 | P58: OMS | Q58: Tự động nhận diện, hiển thị theo Tên kho
F59: System | G59: Display | H59: Quản lý kho | I59: M | J59: Text | K59: N | L59: 50 | P59: OMS | Q59: Tự động nhận diện, hiển thị theo Tên kho (Tên | Phòng ban | Email)
E60: Thông tin đầu mối giao hàng
F61: System | G61: Display | H61: Đầu mối | I61: M | J61: Text | K61: Y | L61: 50
F62: System | G62: Display | H62: Số điện thoại | I62: M | J62: Number | K62: Y | L62: 52
F63: System | G63: Display | H63: Thời gian bàn giao | I63: O | J63: Date | K63: Y | L63: 50
F64: System | G64: Display | H64: Ghi chú | I64: M | J64: Text | K64: Y | L64: 150
E65: Hồ sơ đính kèm
F66: System | G66: Display | H66: Thêm | I66: M | J66: Button | K66: N
F67: System | G67: Display | H67: File | I67: M | K67: N
F68: System | G68: Display | H68: Tên thư mục | I68: M | K68: N
F69: System | G69: Display | H69: Tên tài liệu | I69: M | J69: Text | K69: N | L69: 150
F70: System | G70: Display | H70: Ngày | I70: M | K70: N
F71: System | G71: Display | H71: Tên | I71: M | K71: N
F72: System | G72: Display | H72: Dung lượng | I72: M | K72: N
F73: System | G73: Display | H73: Tên file | I73: M | K73: N
E74: Quá trình xử lý
F75: System | G75: Display | H75: Người xử lý | I75: M | K75: N | M75: Tên người xử lý | Tên đơn vị
F76: System | G76: Display | H76: Hành động | I76: M | K76: N
E77: Lịch sử
F78: System | G78: Display | H78: Người xử lý | I78: M | K78: N | M78: Tên người xử lý | Tên đơn vị
F79: System | G79: Display | H79: Hành động | I79: M | K79: N
F80: System | G80: Display | H80: Thời gian | I80: M | K80: N
F81: System | G81: Display | H81: Ghi chú | I81: M | K81: N
E82: Quyết định
F83: User | G83: Select | H83: Từ chối | I83: M | J83: Button | K83: Y
F84: User | G84: Select | H84: Phê duyệt | I84: M | J84: Button | K84: Y
B85: 4. Nhập lý do từ chối | C85: Warehouse Mgr.
F86: User | G86: Nhập | H86: Lý do từ chối | I86: M | J86: Text | K86: Y | L86: 150
B87: 5. Unlock tài sản | C87: Hệ thống
F88: System | G88: Update | H88: Trạng thái lock tài sản | Q88: Hệ thống unlock asset. Asset có thể được pickup cho 1 request khác.
B89: 6. Cập nhật trạng thái yêu cầu | C89: Hệ thống
F90: System | G90: Update | H90: Trạng thái RQ nhập kho | R90: Từ chối
F91: System | G91: Update | H91: Trạng thái RQ Điều chuyển | Q91: Hệ thống tự động update ngược lại trạng thái RQ điều chuyển link với RQ nhập kho | R91: Từ chối
B92: 7. Cập nhật tasklist | C92: Hệ thống
F93: System | G93: Update | H93: Tasklist BU | Q93: "Cần xử lý"
F94: System | G94: Update | H94: Tasklist AMP | Q94: "Cần xử lý"
F95: System | G95: Update | H95: Tasklist WM | Q95: "Đã xử lý"
B96: 8. Thông báo cho AMP, BU | C96: Hệ thống
F97: System | G97: Send | H97: Email notification | J97: Notification | S97: N.
B98: 9. Phê duyệt | C98: Warehouse Mgr.
F99: User | G99: Nhập | H99: Ghi chú | I99: M | J99: Text | K99: Y | L99: 150
B100: 10. Cập nhật trạng thái yêu cầu | C100: Hệ thống
F101: System | G101: Update | H101: Trạng thái RQ nhập kho | R101: Chờ nhập kho
F102: System | G102: Update | H102: Trạng thái RQ Điều chuyển | R102: Không update
B103: 12. Cập nhật Tasklist | C103: Hệ thống
F104: System | G104: Update | H104: Tasklist BU | Q104: Không update
F105: System | G105: Update | H105: Tasklist AMP | Q105: Không update
F106: System | G106: Update | H106: Tasklist WM | Q106: "Đã xử lý"
F107: System | G107: Update | H107: Tasklist WK | Q107: "Cần xử lý"
B108: 13. Thông báo cho WK | C108: Hệ thống
F109: System | G109: Send | H109: Email notification

Sheet 5.1.3a
A1: <<<
B2: NHẬP KHO TỪ QUY TRÌNH ĐIỀU CHUYỂN VỀ KHO
B3: Xác nhận nhập kho

Sheet 5.1.3b
A1: <<<
B2: NHẬP KHO TỪ QUY TRÌNH ĐIỀU CHUYỂN VỀ KHO
B3: Xác nhận nhập kho
B5: 1 | C5: 2 | E5: 1 | F5: =E5+1 -> 2 | G5: =F5+1 -> 3 | H5: =G5+1 -> 4 | I5: =H5+1 -> 5 | J5: =I5+1 -> 6 | K5: =J5+1 -> 7 | L5: =K5+1 -> 8 | M5: =L5+1 -> 9 | ... U5: =T5+1 -> 17
B6: 1. Nhập thông tin tìm kiếm yêu cầu | C6: 1 | E6: Data | R6: Status | S6: Notification | T6: Template | U6: Biz rule
C7: 2 | E7: Tab/section | F7: Operator | G7: Action | H7: Field name VN | I7: M/O | J7: Field type | K7: Editable | L7: Max length | M7: Format | N7: Default value | O7: LOV | P7: Data source | Q7: Data rule
C8: WK | E8: Tìm kiếm yêu cầu
F9: User | G9: Input | H9: Số yêu cầu | I9: O | J9: Text | K9: Y | L9: 20
F10: User | G10: Input | H10: Ngày tạo | I10: O | J10: Date | K10: Y | L10: 20
F11: User | G11: Input | H11: Tiêu đề | I11: O | J11: Text | K11: Y | L11: 150
F12: User | G12: Select | H12: Người tạo | I12: O | J12: List | K12: Y | L12: 20
F13: User | G13: Select | H13: Trạng thái yêu cầu | I13: O | J13: List | K13: Y | L13: 20
F14: User | G14: Select | H14: Người xử lý | I14: O | J14: List | K14: Y | L14: 20
F15: User | G15: Input | H15: Ngày xác nhận | I15: O | J15: Date | K15: Y | L15: 20
B16: 2. Hiển thị kết quả tìm kiếm | C16: Hệ thống | E16: Danh sách yêu cầu
F17: System | G17: Display | H17: Số yêu cầu | I17: M | J17: Text | K17: N | L17: 20
F18: System | G18: Display | H18: Ngày tạo | I18: M | J18: Date | K18: N | L18: 20
F19: System | G19: Display | H19: Tiêu đề | I19: M | J19: Text | K19: N | L19: 150
F20: System | G20: Display | H20: Người tạo | I20: M | J20: Text | K20: N | L20: 20
F21: System | G21: Display | H21: Trạng thái yêu cầu | I21: M | J21: Text | K21: N | L21: 20
F22: System | G22: Display | H22: Người xử lý | I22: O | J22: Text | K22: N | L22: 20
F23: System | G23: Display | H23: Ngày xác nhận | I23: O | J23: Date | K23: N | L23: 20
B24: 3. Chọn yêu cầu, xem | C24: WK | F24: User | G24: Select | H24: Yêu cầu
E25: Thông tin chung
F26: System | G26: Display | H26: Số yêu cầu | I26: M | J26: Text | K26: N
F27: System | G27: Display | H27: Ngày tạo | I27: M | J27: Date | K27: N
F28: System | G28: Display | H28: Tiêu đề | I28: M | J28: Text | K28: N
E29: DS tài sản nhập kho
F30: System | G30: Display | H30: Mã tài sản | I30: M | K30: N | Q30: Hiển thị mặc định
F31: System | G31: Display | H31: Tên Tài sản | I31: M | K31: N | Q31: Hiển thị mặc định
F32: System | G32: Display | H32: Mô tả TS | I32: M | K32: N | Q32: Hiển thị mặc định
F33: System | G33: Display | H33: Trạng thái TS | I33: M | K33: N | Q33: Hiển thị mặc định
F34: System | G34: Display | H34: Phân nhóm TS (group name) | I34: M | K34: N | Q34: Hiển thị mặc định
F35: System | G35: Display | H35: Nhóm TS (CAT1) | I35: M | K35: N | Q35: Hiển thị mặc định
F36: System | G36: Display | H36: Số PO | I36: M | K36: N | Q36: Hiển thị mặc định
F37: System | G37: Display | H37: Tên nhà cung cấp | I37: O | K37: N | Q37: Ẩn hiện tùy biến
F38: System | G38: Display | H38: Nguyên giá TS (VAT incl) | I38: M | K38: N | Q38: Ẩn hiện tùy biến
F39: System | G39: Display | H39: Mã TS liên quan | I39: O | K39: N | Q39: Ẩn hiện tùy biến
F40: System | G40: Display | H40: Mô tả TS liên quan | I40: O | K40: N | Q40: Ẩn hiện tùy biến
F41: System | G41: Display | H41: Tên người sử dụng | I41: M | K41: N | Q41: Hiển thị mặc định
... F55: System | G55: Display | H55: Ngày bắt đầu sử dụng | I55: O | K55: N | Q55: Ẩn hiện tùy biến
E56: Thông tin kho nhập
F57: System | G57: Display | H57: Tên kho | I57: M | J57: List | K57: N | L57: 50
F58: System | G58: Display | H58: Địa chỉ kho | I58: M | J58: Text | K58: Y | L58: 50 | P58: OMS | Q58: Tự động nhận diện, hiển thị theo Tên kho
F59: System | G59: Display | H59: Quản lý kho | I59: M | J59: Text | K59: N | L59: 50 | P59: OMS | Q59: Tự động nhận diện, hiển thị theo Tên kho (Tên | Phòng ban | Email)
E60: Thông tin đầu mối giao hàng
F61: System | G61: Display | H61: Đầu mối | I61: M | J61: Text | K61: Y | L61: 50
F62: System | G62: Display | H62: Số điện thoại | I62: M | J62: Number | K62: Y | L62: 52
F63: System | G63: Display | H63: Thời gian bàn giao | I63: O | J63: Date | K63: Y | L63: 50
F64: System | G64: Display | H64: Ghi chú | I64: M | J64: Text | K64: Y | L64: 150
E65: Hồ sơ đính kèm
F66: System | G66: Display | H66: Thêm | I66: M | J66: Button | K66: N
F67: System | G67: Display | H67: File | I67: M | K67: N
F68: System | G68: Display | H68: Tên thư mục | I68: M | K68: N
F69: System | G69: Display | H69: Tên tài liệu | I69: M | J69: Text | K69: N | L69: 150
F70: System | G70: Display | H70: Ngày | I70: M | K70: N
F71: System | G71: Display | H71: Tên | I71: M | K71: N
F72: System | G72: Display | H72: Dung lượng | I72: M | K72: N
F73: System | G73: Display | H73: Tên file | I73: M | K73: N
E74: Quá trình xử lý
F75: System | G75: Display | H75: Người xử lý | I75: M | K75: N | M75: Tên người xử lý | Tên đơn vị
F76: System | G76: Display | H76: Hành động | I76: M | K76: N
E77: Lịch sử
F78: System | G78: Display | H78: Người xử lý | I78: M | K78: N | M78: Tên người xử lý | Tên đơn vị
F79: System | G79: Display | H79: Hành động | I79: M | K79: N
F80: System | G80: Display | H80: Thời gian | I80: M | K80: N
F81: System | G81: Display | H81: Ghi chú | I81: M | K81: N
E82: Quyết định
F83: User | G83: Select | H83: Từ chối | I83: M | J83: Button | K83: Y
F84: User | G84: Select | H84: Xác nhận | I84: M | J84: Button | K84: Y | Q84: Sau khi Người nhận TS bấm Xác nhận => Hệ thống tự động cập nhật thông tin ngày xác nhận vào trường thông tin "Ngày bắt đầu sử dụng" nếu Trường "Ngày bắt đầu sử dụng" = N/A
B85: 4. Nhập lý do từ chối | C85: WK
F86: User | G86: Nhập | H86: Lý do từ chối | I86: M | J86: Text | K86: Y | L86: 150
B87: 5. Unlock tài sản | C87: Hệ thống
F88: System | G88: Update | H88: Trạng thái lock tài sản | Q88: Hệ thống unlock asset. Asset có thể được pickup cho 1 request khác.
B89: 6. Cập nhật trạng thái yêu cầu | C89: Hệ thống
F90: System | G90: Update | H90: Trạng thái RQ nhập kho | R90: Từ chối
F91: System | G91: Update | H91: Trạng thái RQ Điều chuyển | Q91: Hệ thống tự động update ngược lại trạng thái RQ điều chuyển link với RQ nhập kho | R91: Từ chối
B92: 7. Cập nhật tasklist | C92: Hệ thống
F93: System | G93: Update | H93: Tasklist BU | Q93: "Cần xử lý"
F94: System | G94: Update | H94: Tasklist WK | Q94: "Đã xử lý"
F95: System | G95: Update | H95: Tasklist AMP | Q95: "Cần xử lý"
B96: 8. Thông báo cho AMP, BU | C96: Hệ thống
F97: System | G97: Send | H97: Email notification | J97: Notification | S97: N.
B98: 9. Xác nhận nhập kho | C98: WK
F99: User | G99: Nhập | H99: Ghi chú | I99: M | J99: Text | K99: Y | L99: 150
B100: 10. Unlock tài sản, cập nhật thông tin tài sản | C100: Hệ thống
F101: System | G101: Update | H101: Trạng thái lock tài sản
F102: System | G102: Update | H102: Đơn vị sử dụng | R102: = null
F103: System | G103: Update | H103: Tên kho | R103: = Kho chuyển về
B104: 11. Cập nhật trạng thái yêu cầu | C104: Hệ thống
F105: System | G105: Update | H105: Trạng thái RQ nhập kho | R105: Đã nhập kho
F106: System | G106: Update | H106: Trạng thái RQ Điều chuyển | Q106: Không update
B107: 13. Cập nhật Tasklist | C107: Hệ thống
F108: System | G108: Update | H108: Tasklist AMP | Q108: Không update
H109: Tasklist WM | Q109: Không update
H110: Tasklist WK | Q110: "Đã xử lý"
B111: 14. Thông báo cho AMP, BU | C111: Hệ thống
F112: System | G112: Send | H112: Email notification

Sheet 5.2.1a
A1: <<<
B2: NHÂP KHO THỦ CÔNG
B3: Tạo yêu cầu

Sheet 5.2.1b
A1: <<<
B2: ='5.2.1a'!B2 -> NHÂP KHO THỦ CÔNG
B3: ='5.2.1a'!B3 -> Tạo yêu cầu
B5: 1 | C5: 2 | E5: 1 | F5: 2 | G5: 3 | H5: 4 | I5: 5 | J5: 6 | K5: 7 | L5: 8 | M5: 9 | N5: 10 | O5: 11 | P5: 12 | Q5: 13 | R5: 14 | S5: 15 | T5: 16 | U5: 17
B6: 1. Tạo yêu cầu, đính kèm, xem lại yêu cầu | C6: 1 | E6: Data | R6: Status | S6: Notification | T6: Template | U6: Biz rule
C7: 2 | E7: Tab/section | F7: Operator | G7: Action | H7: Field name VN | I7: M/O | J7: Field type | K7: Editable | L7: Max length | M7: Format | N7: Default value | O7: LOV | P7: Data source | Q7: Data rule
C8: AMP | F8: User | G8: Select | H8: Tạo | I8: M | J8: Button | K8: N
E9: Thông tin chung
F10: System | G10: Display | H10: Số yêu cầu | I10: M | J10: Text | K10: N | L10: 50 | M10: NK.YY.xxxx | Q10: YY = Year, xxxx = số chạy từ 1-9999 không dùng lại
F11: System | G11: Display | H11: Ngày tạo | I11: M | J11: Date | K11: N | L11: 50 | M11: MM.DD.YYYY | N11: Today
F12: User | G12: Input | H12: Tiêu đề | I12: O | J12: Text | K12: Y | L12: 150
F13: User | G13: Select | H13: Thêm tài sản | I13: M | J13: Button | K13: N
E14: Tìm kiếm tài sản
F15: User | G15: Input | H15: Mã tài sản | I15: O | J15: Text | K15: N | L15: 20
F16: User | G16: Input | H16: Tên tài sản | I16: O | J16: Text | K16: Y | L16: 20
F17: User | G17: Select | H17: Phân loại tài sản | I17: O | J17: List | K17: N | L17: 20
F18: User | G18: Select | H18: Nhóm tài sản | I18: O | J18: List | K18: N | L18: 20
F19: User | G19: Input | H19: PO number | I19: O | J19: Text | K19: Y | L19: 20
F20: User | G20: Select | H20: Trạng thái TS | I20: O | J20: List | K20: N | L20: 50
F21: User | G21: Select | H21: Tên nhà cung cấp | I21: O | J21: List | K21: N | L21: 50
F22: User | G22: Input | H22: Tên kho | I22: O | J22: List | K22: Y | L22: 50
F23: User | G23: Select | H23: Vị trí đặt tài sản | I23: O | J23: Text | K23: N | L23: 100
E24: DS kết quả tìm kiếm
F25: System | G25: Display | H25: Mã tài sản | I25: M | K25: N | Q25: Hiển thị mặc định
F26: System | G26: Display | H26: Tên Tài sản | I26: M | K26: N | Q26: Hiển thị mặc định
F27: System | G27: Display | H27: Mô tả TS | I27: M | K27: N | Q27: Hiển thị mặc định
F28: System | G28: Display | H28: Trạng thái TS | I28: M | K28: N | Q28: Hiển thị mặc định
F29: System | G29: Display | H29: Phân nhóm TS (group name) | I29: M | K29: N | Q29: Hiển thị mặc định
F30: System | G30: Display | H30: Nhóm TS (CAT1) | I30: M | K30: N | Q30: Hiển thị mặc định
F31: System | G31: Display | H31: Số PO | I31: M | K31: N | Q31: Hiển thị mặc định
F32: System | G32: Display | H32: Tên nhà cung cấp | I32: O | K32: N | Q32: Ẩn hiện tùy biến
F33: System | G33: Display | H33: Nguyên giá TS (VAT incl) | I33: M | K33: N | Q33: Ẩn hiện tùy biến
F34: System | G34: Display | H34: Mã TS liên quan | I34: O | K34: N | Q34: Ẩn hiện tùy biến
F35: System | G35: Display | H35: Mô tả TS liên quan | I35: O | K35: N | Q35: Ẩn hiện tùy biến
F36: System | G36: Display | H36: Tên người sử dụng | I36: M | K36: N | Q36: Hiển thị mặc định
... F51: User | G51: Select/Add | H51: Tài sản | I51: M | K51: N | Q51: Có thể chọn nhiều TS. Cảnh báo khi tài sản chọn bị lock trong 1 on-going request
E52: DS tài sản nhập kho
F53: System | G53: Display | H53: Mã tài sản | I53: M | K53: N | Q53: Hiển thị mặc định
F54: System | G54: Display | H54: Tên Tài sản | I54: M | K54: N | Q54: Hiển thị mặc định
F55: System | G55: Display | H55: Mô tả TS | I55: M | K55: N | Q55: Hiển thị mặc định
F56: System | G56: Display | H56: Trạng thái TS | I56: M | K56: N | Q56: Hiển thị mặc định
F57: System | G57: Display | H57: Phân nhóm TS (group name) | I57: M | K57: N | Q57: Hiển thị mặc định
F58: System | G58: Display | H58: Nhóm TS (CAT1) | I58: M | K58: N | Q58: Hiển thị mặc định
F59: System | G59: Display | H59: Số PO | I59: M | K59: N | Q59: Hiển thị mặc định
F60: System | G60: Display | H60: Tên nhà cung cấp | I60: O | K60: N | Q60: Ẩn hiện tùy biến
F61: System | G61: Display | H61: Nguyên giá TS (VAT incl) | I61: M | K61: N | Q61: Ẩn hiện tùy biến
F62: System | G62: Display | H62: Mã TS liên quan | I62: O | K62: N | Q62: Ẩn hiện tùy biến
F63: System | G63: Display | H63: Mô tả TS liên quan | I63: O | K63: N | Q63: Ẩn hiện tùy biến
F64: System | G64: Display | H64: Tên người sử dụng | I64: M | K64: N | Q64: Hiển thị mặc định
... F78: System | G78: Display | H78: Ngày bắt đầu sử dụng | I78: O | K78: N | Q78: Ẩn hiện tùy biến
E79: Thông tin kho nhập
F80: System/User | G80: Display/Search/Select | H80: Tên kho | I80: M | J80: List | K80: N | L80: 50
F81: System | G81: Display | H81: Địa chỉ kho | I81: M | J81: Text | K81: Y | L81: 50 | P81: OMS | Q81: Tự động nhận diện, hiển thị theo Tên kho
F82: System | G82: Display | H82: Quản lý kho | I82: M | J82: Text | K82: N | L82: 50 | P82: OMS | Q82: Tự động nhận diện, hiển thị theo Tên kho (Tên | Phòng ban | Email)
E83: Thông tin đầu mối giao hàng
F84: User | G84: Input | H84: Đầu mối | I84: M | J84: Text | K84: Y | L84: 50
F85: User | G85: Input | H85: Số điện thoại | I85: M | J85: Number | K85: Y | L85: 52
F86: User | G86: Input | H86: Thời gian bàn giao | I86: O | J86: Date | K86: Y | L86: 50
E87: Ghi chú | F87: User | G87: Input | H87: Ghi chú | I87: M | J87: Text | K87: Y | L87: 150
E88: Hồ sơ đính kèm
F89: User | G89: Select | H89: Thêm | I89: M | J89: Button | K89: N
F90: User | G90: Select | H90: File | I90: M | K90: N
F91: System/User | G91: Display/Select | H91: Tên thư mục | I91: M | K91: N
F92: System/User | G92: Display/Input | H92: Tên tài liệu | I92: M | J92: Text | K92: N | L92: 150
F93: System | G93: Display | H93: Ngày | I93: M | K93: N
F94: System | G94: Display | H94: Tên | I94: M | K94: N
F95: System | G95: Display | H95: Dung lượng | I95: M | K95: N
F96: System | G96: Display | H96: Tên file | I96: M | K96: N
E97: Quyết định
F98: User | G98: Select | H98: Gửi | I98: M | J98: Button | K98: N
F99: User | G99: Select | H99: Hủy | I99: M | J99: Button | K99: N
B100: 2. Lock tài sản | C100: Hệ thống
F101: System | G101: Update | H101: Trạng thái lock tài sản | Q101: Locked asset không thể được dùng cho 1 request khác cho tới khi request hiện tại hoàn thành
B102: 3. Cập nhật trạng thái yêu cầu | C102: Hệ thống
F103: System | G103: Update | H103: Trạng thái yêu cầu | R103: Chờ phê duyệt
B104: 4. Cập nhật tasklist | C104: Hệ thống
E105: Tasklist | F105: System | G105: Update | H105: Tasklist WM | Q105: "Cần xử lý"
B106: 5. Thông báo cho WM | C106: Hệ thống
F107: System | G107: Send | H107: Email notification | J107: Notification | S107: N.

Sheet 5.2.2a
A1: <<<
B2: ='5.2.1a'!B2 -> NHÂP KHO THỦ CÔNG
B3: Phê duyệt yêu cầu

Sheet 5.2.2b
A1: <<<
B2: ='5.2.1a'!B2 -> NHÂP KHO THỦ CÔNG
B3: Phê duyệt yêu cầu
B5: 1 | C5: 2 | E5: 1 | F5: =E5+1 -> 2 | G5: =F5+1 -> 3 | H5: =G5+1 -> 4 | I5: =H5+1 -> 5 | J5: =I5+1 -> 6 | K5: =J5+1 -> 7 | L5: =K5+1 -> 8 | M5: =L5+1 -> 9 | ... U5: =T5+1 -> 17
B6: 1. Nhập thông tin tìm kiếm yêu cầu | C6: 1 | E6: Data | R6: Status | S6: Notification | T6: Template | U6: Biz rule
C7: 2 | E7: Tab/section | F7: Operator | G7: Action | H7: Field name VN | I7: M/O | J7: Field type | K7: Editable | L7: Max length | M7: Format | N7: Default value | O7: LOV | P7: Data source | Q7: Data rule
C8: Warehouse Mgr. | E8: Tìm kiếm yêu cầu
F9: User | G9: Input | H9: Số yêu cầu | I9: O | J9: Text | K9: Y | L9: 20
F10: User | G10: Input | H10: Ngày tạo | I10: O | J10: Date | K10: Y | L10: 20
F11: User | G11: Input | H11: Tiêu đề | I11: O | J11: Text | K11: Y | L11: 150
F12: User | G12: Select | H12: Người tạo | I12: O | J12: List | K12: Y | L12: 20
F13: User | G13: Select | H13: Trạng thái yêu cầu | I13: O | J13: List | K13: Y | L13: 20
F14: User | G14: Select | H14: Người xử lý | I14: O | J14: List | K14: Y | L14: 20
F15: User | G15: Input | H15: Ngày xác nhận | I15: O | J15: Date | K15: Y | L15: 20
B16: 2. Hiển thị kết quả tìm kiếm | C16: Hệ thống | E16: Danh sách yêu cầu
F17: System | G17: Display | H17: Số yêu cầu | I17: M | J17: Text | K17: N | L17: 20
F18: System | G18: Display | H18: Ngày tạo | I18: M | J18: Date | K18: N | L18: 20
F19: System | G19: Display | H19: Tiêu đề | I19: M | J19: Text | K19: N | L19: 150
F20: System | G20: Display | H20: Người tạo | I20: M | J20: Text | K20: N | L20: 20
F21: System | G21: Display | H21: Trạng thái yêu cầu | I21: M | J21: Text | K21: N | L21: 20
F22: System | G22: Display | H22: Người xử lý | I22: O | J22: Text | K22: N | L22: 20
F23: System | G23: Display | H23: Ngày xác nhận | I23: O | J23: Date | K23: N | L23: 20
B24: 3. Chọn yêu cầu, xem | C24: Warehouse Mgr. | F24: User | G24: Select | H24: Yêu cầu
E25: Thông tin chung
F26: System | G26: Display | H26: Số yêu cầu | I26: M | J26: Text | K26: N
F27: System | G27: Display | H27: Ngày tạo | I27: M | J27: Date | K27: N
F28: System | G28: Display | H28: Tiêu đề | I28: M | J28: Text | K28: N
E29: DS tài sản nhập kho
F30: System | G30: Display | H30: Mã tài sản | I30: M | K30: N | Q30: Hiển thị mặc định
F31: System | G31: Display | H31: Tên Tài sản | I31: M | K31: N | Q31: Hiển thị mặc định
F32: System | G32: Display | H32: Mô tả TS | I32: M | K32: N | Q32: Hiển thị mặc định
F33: System | G33: Display | H33: Trạng thái TS | I33: M | K33: N | Q33: Hiển thị mặc định
F34: System | G34: Display | H34: Phân nhóm TS (group name) | I34: M | K34: N | Q34: Hiển thị mặc định
F35: System | G35: Display | H35: Nhóm TS (CAT1) | I35: M | K35: N | Q35: Hiển thị mặc định
F36: System | G36: Display | H36: Số PO | I36: M | K36: N | Q36: Hiển thị mặc định
F37: System | G37: Display | H37: Tên nhà cung cấp | I37: O | K37: N | Q37: Ẩn hiện tùy biến
F38: System | G38: Display | H38: Nguyên giá TS (VAT incl) | I38: M | K38: N | Q38: Ẩn hiện tùy biến
F39: System | G39: Display | H39: Mã TS liên quan | I39: O | K39: N | Q39: Ẩn hiện tùy biến
F40: System | G40: Display | H40: Mô tả TS liên quan | I40: O | K40: N | Q40: Ẩn hiện tùy biến
F41: System | G41: Display | H41: Tên người sử dụng | I41: M | K41: N | Q41: Hiển thị mặc định
... F55: System | G55: Display | H55: Ngày bắt đầu sử dụng | I55: O | K55: N | Q55: Ẩn hiện tùy biến
E56: Thông tin kho nhập
F57: System | G57: Display | H57: Tên kho | I57: M | J57: List | K57: N | L57: 50
F58: System | G58: Display | H58: Địa chỉ kho | I58: M | J58: Text | K58: Y | L58: 50 | P58: OMS | Q58: Tự động nhận diện, hiển thị theo Tên kho
F59: System | G59: Display | H59: Quản lý kho | I59: M | J59: Text | K59: N | L59: 50 | P59: OMS | Q59: Tự động nhận diện, hiển thị theo Tên kho (Tên | Phòng ban | Email)
E60: Thông tin đầu mối giao hàng
F61: System | G61: Display | H61: Đầu mối | I61: M | J61: Text | K61: Y | L61: 50
F62: System | G62: Display | H62: Số điện thoại | I62: M | J62: Number | K62: Y | L62: 52
F63: System | G63: Display | H63: Thời gian bàn giao | I63: O | J63: Date | K63: Y | L63: 50
F64: System | G64: Display | H64: Ghi chú | I64: M | J64: Text | K64: Y | L64: 150
E65: Hồ sơ đính kèm
F66: System | G66: Display | H66: Thêm | I66: M | J66: Button | K66: N
F67: System | G67: Display | H67: File | I67: M | K67: N
F68: System | G68: Display | H68: Tên thư mục | I68: M | K68: N
F69: System | G69: Display | H69: Tên tài liệu | I69: M | J69: Text | K69: N | L69: 150
F70: System | G70: Display | H70: Ngày | I70: M | K70: N
F71: System | G71: Display | H71: Tên | I71: M | K71: N
F72: System | G72: Display | H72: Dung lượng | I72: M | K72: N
F73: System | G73: Display | H73: Tên file | I73: M | K73: N
E74: Quá trình xử lý
F75: System | G75: Display | H75: Người xử lý | I75: M | K75: N | M75: Tên người xử lý | Tên đơn vị
F76: System | G76: Display | H76: Hành động | I76: M | K76: N
E77: Lịch sử
F78: System | G78: Display | H78: Người xử lý | I78: M | K78: N | M78: Tên người xử lý | Tên đơn vị
F79: System | G79: Display | H79: Hành động | I79: M | K79: N
F80: System | G80: Display | H80: Thời gian | I80: M | K80: N
F81: System | G81: Display | H81: Ghi chú | I81: M | K81: N
E82: Quyết định
F83: User | G83: Select | H83: Từ chối | I83: M | J83: Button | K83: Y
F84: User | G84: Select | H84: Phê duyệt | I84: M | J84: Button | K84: Y
B85: 4. Nhập lý do từ chối | C85: Warehouse Mgr.
F86: User | G86: Nhập | H86: Lý do từ chối | I86: M | J86: Text | K86: Y | L86: 150
B87: 5. Unlock tài sản | C87: Hệ thống
F88: System | G88: Update | H88: Trạng thái lock tài sản | Q88: Hệ thống unlock asset. Asset có thể được pickup cho 1 request khác.
B89: 6. Cập nhật trạng thái yêu cầu | C89: Hệ thống
F90: System | G90: Update | H90: Trạng thái yêu cầu | R90: Từ chối
B91: 7. Cập nhật tasklist | C91: Hệ thống
F92: System | G92: Update | H92: Tasklist WM | Q92: "Đã xử lý"
F93: System | G93: Update | H93: Tasklist AMP | Q93: "Cần xử lý"
B94: 8. Thông báo cho AMP | C94: Hệ thống
F95: System | G95: Send | H95: Email notification | J95: Notification | S95: N.
B96: 9. Phê duyệt yêu cầu | C96: Warehouse Mgr.
F97: User | G97: Nhập | H97: Ghi chú | I97: M | J97: Text | K97: Y | L97: 150
B98: 10. Cập nhật trạng thái yêu cầu | C98: Hệ thống
F99: System | G99: Update | H99: Trạng thái yêu cầu | R99: Chờ nhập kho
B100: 12. Cập nhật Tasklist | C100: Hệ thống
F101: System | G101: Update | H101: Tasklist AMP | Q101: Không update
H102: Tasklist WM | Q102: "Đã xử lý"
H103: Tasklist WK | Q103: "Cần xử lý"
B104: 13. Thông báo cho WK | C104: Hệ thống
F105: System | G105: Send | H105: Email notification

Sheet 5.2.3a
A1: <<<
B2: ='5.2.1a'!B2 -> NHÂP KHO THỦ CÔNG
B3: Xác nhận nhập kho

Sheet 5.2.3b
A1: <<<
B2: ='5.2.1a'!B2 -> NHÂP KHO THỦ CÔNG
B3: Xác nhận nhập kho
B5: 1 | C5: 2 | E5: 1 | F5: =E5+1 -> 2 | G5: =F5+1 -> 3 | H5: =G5+1 -> 4 | I5: =H5+1 -> 5 | J5: =I5+1 -> 6 | K5: =J5+1 -> 7 | L5: =K5+1 -> 8 | M5: =L5+1 -> 9 | ... U5: =T5+1 -> 17
B6: 1. Nhập thông tin tìm kiếm yêu cầu | C6: 1 | E6: Data | R6: Status | S6: Notification | T6: Template | U6: Biz rule
C7: 2 | E7: Tab/section | F7: Operator | G7: Action | H7: Field name VN | I7: M/O | J7: Field type | K7: Editable | L7: Max length | M7: Format | N7: Default value | O7: LOV | P7: Data source | Q7: Data rule
C8: WK | E8: Tìm kiếm yêu cầu
F9: User | G9: Input | H9: Số yêu cầu | I9: O | J9: Text | K9: Y | L9: 20
F10: User | G10: Input | H10: Ngày tạo | I10: O | J10: Date | K10: Y | L10: 20
F11: User | G11: Input | H11: Tiêu đề | I11: O | J11: Text | K11: Y | L11: 150
F12: User | G12: Select | H12: Người tạo | I12: O | J12: List | K12: Y | L12: 20
F13: User | G13: Select | H13: Trạng thái yêu cầu | I13: O | J13: List | K13: Y | L13: 20
F14: User | G14: Select | H14: Người xử lý | I14: O | J14: List | K14: Y | L14: 20
F15: User | G15: Input | H15: Ngày xác nhận | I15: O | J15: Date | K15: Y | L15: 20
B16: 2. Hiển thị kết quả tìm kiếm | C16: Hệ thống | E16: Danh sách yêu cầu
F17: System | G17: Display | H17: Số yêu cầu | I17: M | J17: Text | K17: N | L17: 20
F18: System | G18: Display | H18: Ngày tạo | I18: M | J18: Date | K18: N | L18: 20
F19: System | G19: Display | H19: Tiêu đề | I19: M | J19: Text | K19: N | L19: 150
F20: System | G20: Display | H20: Người tạo | I20: M | J20: Text | K20: N | L20: 20
F21: System | G21: Display | H21: Trạng thái yêu cầu | I21: M | J21: Text | K21: N | L21: 20
F22: System | G22: Display | H22: Người xử lý | I22: O | J22: Text | K22: N | L22: 20
F23: System | G23: Display | H23: Ngày xác nhận | I23: O | J23: Date | K23: N | L23: 20
B24: 3. Chọn yêu cầu, xem | C24: WK | F24: User | G24: Select | H24: Yêu cầu
E25: Thông tin chung
F26: System | G26: Display | H26: Số yêu cầu | I26: M | J26: Text | K26: N
F27: System | G27: Display | H27: Ngày tạo | I27: M | J27: Date | K27: N
F28: System | G28: Display | H28: Tiêu đề | I28: M | J28: Text | K28: N
E29: DS tài sản nhập kho
F30: System | G30: Display | H30: Mã tài sản | I30: M | K30: N | Q30: Hiển thị mặc định
F31: System | G31: Display | H31: Tên Tài sản | I31: M | K31: N | Q31: Hiển thị mặc định
F32: System | G32: Display | H32: Mô tả TS | I32: M | K32: N | Q32: Hiển thị mặc định
F33: System | G33: Display | H33: Trạng thái TS | I33: M | K33: N | Q33: Hiển thị mặc định
F34: System | G34: Display | H34: Phân nhóm TS (group name) | I34: M | K34: N | Q34: Hiển thị mặc định
F35: System | G35: Display | H35: Nhóm TS (CAT1) | I35: M | K35: N | Q35: Hiển thị mặc định
F36: System | G36: Display | H36: Số PO | I36: M | K36: N | Q36: Hiển thị mặc định
F37: System | G37: Display | H37: Tên nhà cung cấp | I37: O | K37: N | Q37: Ẩn hiện tùy biến
F38: System | G38: Display | H38: Nguyên giá TS (VAT incl) | I38: M | K38: N | Q38: Ẩn hiện tùy biến
F39: System | G39: Display | H39: Mã TS liên quan | I39: O | K39: N | Q39: Ẩn hiện tùy biến
F40: System | G40: Display | H40: Mô tả TS liên quan | I40: O | K40: N | Q40: Ẩn hiện tùy biến
F41: System | G41: Display | H41: Tên người sử dụng | I41: M | K41: N | Q41: Hiển thị mặc định
... F55: System | G55: Display | H55: Ngày bắt đầu sử dụng | I55: O | K55: N | Q55: Ẩn hiện tùy biến
E57: Thông tin kho nhập
F58: System | G58: Display | H58: Tên kho | I58: M | J58: List | K58: N | L58: 50
F59: System | G59: Display | H59: Địa chỉ kho | I59: M | J59: Text | K59: Y | L59: 50 | P59: OMS | Q59: Tự động nhận diện, hiển thị theo Tên kho
F60: System | G60: Display | H60: Quản lý kho | I60: M | J60: Text | K60: N | L60: 50 | P60: OMS | Q60: Tự động nhận diện, hiển thị theo Tên kho (Tên | Phòng ban | Email)
E61: Thông tin đầu mối giao hàng
F62: System | G62: Display | H62: Đầu mối | I62: M | J62: Text | K62: Y | L62: 50
F63: System | G63: Display | H63: Số điện thoại | I63: M | J63: Number | K63: Y | L63: 52
F64: System | G64: Display | H64: Thời gian bàn giao | I64: O | J64: Date | K64: Y | L64: 50
F65: System | G65: Display | H65: Ghi chú | I65: M | J65: Text | K65: Y | L65: 150
E66: Hồ sơ đính kèm
F67: System | G67: Display | H67: Thêm | I67: M | J67: Button | K67: N
F68: System | G68: Display | H68: File | I68: M | K68: N
F69: System | G69: Display | H69: Tên thư mục | I69: M | K69: N
F70: System | G70: Display | H70: Tên tài liệu | I70: M | J70: Text | K70: N | L70: 150
F71: System | G71: Display | H71: Ngày | I71: M | K71: N
F72: System | G72: Display | H72: Tên | I72: M | K72: N
F73: System | G73: Display | H73: Dung lượng | I73: M | K73: N
F74: System | G74: Display | H74: Tên file | I74: M | K74: N
E75: Quá trình xử lý
F76: System | G76: Display | H76: Người xử lý | I76: M | K76: N | M76: Tên người xử lý | Tên đơn vị
F77: System | G77: Display | H77: Hành động | I77: M | K77: N
E78: Lịch sử
F79: System | G79: Display | H79: Người xử lý | I79: M | K79: N | M79: Tên người xử lý | Tên đơn vị
F80: System | G80: Display | H80: Hành động | I80: M | K80: N
F81: System | G81: Display | H81: Thời gian | I81: M | K81: N
F82: System | G82: Display | H82: Ghi chú | I82: M | K82: N
E83: Quyết định
F84: User | G84: Select | H84: Từ chối | I84: M | J84: Button | K84: Y
F85: User | G85: Select | H85: Xác nhận | I85: M | J85: Button | K85: Y | Q85: Sau khi Người nhận TS bấm Xác nhận => Hệ thống tự động cập nhật thông tin ngày xác nhận vào trường thông tin "Ngày bắt đầu sử dụng" nếu Trường "Ngày bắt đầu sử dụng" = N/A
B86: 4. Nhập lý do từ chối | C86: WK
F87: User | G87: Nhập | H87: Lý do từ chối | I87: M | J87: Text | K87: Y | L87: 150
B88: 5. Unlock tài sản | C88: Hệ thống
F89: System | G89: Update | H89: Trạng thái lock tài sản | Q89: Hệ thống unlock asset. Asset có thể được pickup cho 1 request khác.
B90: 6. Cập nhật trạng thái yêu cầu | C90: Hệ thống
F91: System | G91: Update | H91: Trạng thái yêu cầu | R91: Từ chối
B92: 7. Cập nhật tasklist | C92: Hệ thống
F93: System | G93: Update | H93: Tasklist WK | Q93: Danh sách tasklist "Đã xử lý"
F94: System | G94: Update | H94: Tasklist AMP | Q94: Danh sách tasklist "Cần xử lý"
B95: 8. Thông báo cho AMP | C95: Hệ thống
F96: System | G96: Send | H96: Email notification | J96: Notification | S96: N.
B97: 9. Xác nhận nhập kho | C97: WK
F98: User | G98: Nhập | H98: Ghi chú | I98: M | J98: Text | K98: Y | L98: 150
B99: 10. Cập nhật trạng thái yêu cầu | C99: Hệ thống
F100: System | G100: Update | H100: Trạng thái yêu cầu | R100: Đã nhập kho
B101: 12. Cập nhật Tasklist | C101: Hệ thống
F102: System | G102: Update | H102: Tasklist AMP | Q102: Không update
H103: Tasklist WM | Q103: Không update
H104: Tasklist WK | Q104: "Đã xử lý"
B105: 13. Thông báo cho AMP | C105: Hệ thống
F106: System | G106: Send | H106: Email notification

Sheet 5.3.1a
A1: <<<
B2: HỦY YÊU CẦU NHẬP KHO

Sheet 5.3.1b
A1: <<<
B2: HỦY YÊU CẦU NHẬP KHO
B3: Điều kiện: | C3: 1. Yêu cầu nhập kho gửi đi thành công, có trạng thái <> "Đã nhập kho"
B6: 1 | C6: 2 | E6: 1 | F6: =E6+1 -> 2 | G6: =F6+1 -> 3 | H6: =G6+1 -> 4 | I6: =H6+1 -> 5 | J6: =I6+1 -> 6 | K6: =J6+1 -> 7 | L6: =K6+1 -> 8 | M6: =L6+1 -> 9 | ... U6: =T6+1 -> 17
B7: 1. Nhập thông tin tìm kiếm yêu cầu | C7: 1 | E7: Data | R7: Status | S7: Notification | T7: Template | U7: Biz rule
C8: 2 | E8: Tab/section | F8: Operator | G8: Action | H8: Field name VN | I8: M/O | J8: Field type | K8: Editable | L8: Max length | M8: Format | N8: Default value | O8: LOV | P8: Data source | Q8: Data rule
C9: AMP | E9: Tìm kiếm yêu cầu
F10: User | G10: Input | H10: Số yêu cầu | I10: O | J10: Text | K10: Y | L10: 20
F11: User | G11: Input | H11: Ngày tạo | I11: O | J11: Date | K11: Y | L11: 20
F12: User | G12: Input | H12: Tiêu đề | I12: O | J12: Text | K12: Y | L12: 150
F13: User | G13: Select | H13: Người tạo | I13: O | J13: List | K13: Y | L13: 20
F14: User | G14: Select | H14: Trạng thái yêu cầu | I14: O | J14: List | K14: Y | L14: 20
F15: User | G15: Select | H15: Người xử lý | I15: O | J15: List | K15: Y | L15: 20
F16: User | G16: Input | H16: Ngày xác nhận | I16: O | J16: Date | K16: Y | L16: 20
B17: 2. Hiển thị kết quả tìm kiếm | C17: Hệ thống | E17: Danh sách yêu cầu
F18: System | G18: Display | H18: Số yêu cầu | I18: M | J18: Text | K18: N | L18: 20
F19: System | G19: Display | H19: Ngày tạo | I19: M | J19: Date | K19: N | L19: 20
F20: System | G20: Display | H20: Tiêu đề | I20: M | J20: Text | K20: N | L20: 150
F21: System | G21: Display | H21: Người tạo | I21: M | J21: Text | K21: N | L21: 20
F22: System | G22: Display | H22: Trạng thái yêu cầu | I22: M | J22: Text | K22: N | L22: 20
F23: System | G23: Display | H23: Người xử lý | I23: O | J23: Text | K23: N | L23: 20
F24: System | G24: Display | H24: Ngày xác nhận | I24: O | J24: Date | K24: N | L24: 20
B25: 3. Chọn yêu cầu, xem | C25: AMP | F25: User | G25: Select | H25: Yêu cầu
E26: Thông tin chung
F27: System | G27: Display | H27: Số yêu cầu | I27: M | J27: Text | K27: Y
F28: System | G28: Display | H28: Ngày tạo | I28: M | J28: Date | K28: N
F29: System | G29: Display | H29: Tiêu đề | I29: M | J29: Text | K29: Y
E30: DS tài sản nhập kho
F31: System | G31: Display | H31: Mã tài sản | I31: M | K31: N | Q31: Hiển thị mặc định
F32: System | G32: Display | H32: Tên Tài sản | I32: M | K32: N | Q32: Hiển thị mặc định
F33: System | G33: Display | H33: Mô tả TS | I33: M | K33: N | Q33: Hiển thị mặc định
F34: System | G34: Display | H34: Trạng thái TS | I34: M | K34: N | Q34: Hiển thị mặc định
F35: System | G35: Display | H35: Phân nhóm TS (group name) | I35: M | K35: N | Q35: Hiển thị mặc định
F36: System | G36: Display | H36: Nhóm TS (CAT1) | I36: M | K36: N | Q36: Hiển thị mặc định
F37: System | G37: Display | H37: Số PO | I37: M | K37: N | Q37: Hiển thị mặc định
F38: System | G38: Display | H38: Tên nhà cung cấp | I38: O | K38: N | Q38: Ẩn hiện tùy biến
F39: System | G39: Display | H39: Nguyên giá TS (VAT incl) | I39: M | K39: N | Q39: Ẩn hiện tùy biến
F40: System | G40: Display | H40: Mã TS liên quan | I40: O | K40: N | Q40: Ẩn hiện tùy biến
F41: System | G41: Display | H41: Mô tả TS liên quan | I41: O | K41: N | Q41: Ẩn hiện tùy biến
F42: System | G42: Display | H42: Tên người sử dụng | I42: M | K42: N | Q42: Hiển thị mặc định
... F56: System | G56: Display | H56: Ngày bắt đầu sử dụng | I56: O | K56: N | Q56: Ẩn hiện tùy biến
E58: Thông tin kho nhập
F59: System | G59: Display | H59: Tên kho | I59: M | J59: List | K59: Y | L59: 50
F60: System | G60: Display | H60: Địa chỉ kho | I60: M | J60: Text | K60: Y | L60: 50 | P60: OMS | Q60: Tự động nhận diện, hiển thị theo Tên kho
F61: System | G61: Display | H61: Quản lý kho | I61: M | J61: Text | K61: N | L61: 50 | P61: OMS | Q61: Tự động nhận diện, hiển thị theo Tên kho (Tên | Phòng ban | Email)
E62: Thông tin đầu mối giao hàng
F63: System | G63: Display | H63: Đầu mối | I63: M | J63: Text | K63: Y | L63: 50
F64: System | G64: Display | H64: Số điện thoại | I64: M | J64: Number | K64: Y | L64: 52
F65: System | G65: Display | H65: Thời gian bàn giao | I65: O | J65: Date | K65: Y | L65: 50
F66: System | G66: Display | H66: Ghi chú | I66: M | J66: Text | K66: Y | L66: 150
E67: Hồ sơ đính kèm
F68: System | G68: Display | H68: Thêm | I68: M | J68: Button | K68: Y
F69: System | G69: Display | H69: File | I69: M | K69: N
F70: System | G70: Display | H70: Tên thư mục | I70: M | K70: N
F71: System | G71: Display | H71: Tên tài liệu | I71: M | J71: Text | K71: Y | L71: 150
F72: System | G72: Display | H72: Ngày | I72: M | K72: N
F73: System | G73: Display | H73: Tên | I73: M | K73: N
F74: System | G74: Display | H74: Dung lượng | I74: M | K74: N
F75: System | G75: Display | H75: Tên file | I75: M | K75: Y
E76: Quá trình xử lý
F77: System | G77: Display | H77: Người xử lý | I77: M | K77: N | M77: Tên người xử lý | Tên đơn vị
F78: System | G78: Display | H78: Hành động | I78: M | K78: N
E79: Lịch sử
F80: System | G80: Display | H80: Người xử lý | I80: M | K80: N | M80: Tên người xử lý | Tên đơn vị
F81: System | G81: Display | H81: Hành động | I81: M | K81: N
F82: System | G82: Display | H82: Thời gian | I82: M | K82: N
F83: System | G83: Display | H83: Ghi chú | I83: M | K83: N
E84: Quyết định
F85: User | G85: Select | H85: Hủy | I85: M | J85: Button | K85: Y
F86: User | G86: Select | H86: Gửi | I86: M | J86: Button | K86: Y
F87: User | G87: Select | H87: Gửi | I87: M | J87: Button | K87: Y
B88: 4. Nhập lý do hủy | C88: WM
F89: User | G89: Nhập | H89: Lý do hủy | I89: M | J89: Text | K89: Y | L89: 150
B90: 5. Unlock tài sản | C90: Hệ thống
F91: System | G91: Update | H91: Trạng thái lock tài sản | Q91: Hệ thống unlock asset. Asset có thể được pickup cho 1 request khác.
B92: 6. Cập nhật trạng thái yêu cầu | C92: Hệ thống
F93: System | G93: Update | H93: RQ điều chuyển | R93: Đã hủy
F94: System | G94: Update | H94: RQ nhập kho | R94: Đã hủy
B95: 7. Cập nhật tasklist | C95: Hệ thống
F96: System | G96: Update | H96: Tasklist WM | Q96: "Đã xử lý"
F97: System | G97: Update | H97: Tasklist AMP/BU user | Q97: "Cần xử lý"
B99: 8. Thông báo cho BU/user | C99: Hệ thống
F100: System | G100: Send | H100: Email notification | J100: Notification | S100: N.
F101: System | G101: Send | H101: Email notification

Sheet 5.4.0a
A1: <<<
B2: CẤP TÀI SẢN
B3: Phê duyệt yêu cầu cấp tài sản

Sheet 5.4.0b
A1: <<<
B2: CẤP TÀI SẢN
B3: Phê duyệt yêu cầu cấp tài sản
B5: 1 | C5: 2 | E5: 1 | F5: =E5+1 -> 2 | G5: =F5+1 -> 3 | H5: =G5+1 -> 4 | I5: =H5+1 -> 5 | J5: =I5+1 -> 6 | K5: =J5+1 -> 7 | L5: =K5+1 -> 8 | M5: =L5+1 -> 9 | ... U5: =T5+1 -> 17
B6: 1. Nhập thông tin tìm kiếm yêu cầu | C6: 1 | E6: Data | R6: Status | S6: Notification | T6: Template | U6: Biz rule
C7: 2 | E7: Tab/section | F7: Operator | G7: Action | H7: Field name VN | I7: M/O | J7: Field type | K7: Editable | L7: Max length | M7: Format | N7: Default value | O7: LOV | P7: Data source | Q7: Data rule
C8: AM | E8: Tasklist/Danh sách yêu cầu
F9: User | H9: Mã yêu cầu | I9: M | J9: Text | K9: N | L9: 20
F10: User | H10: Tiêu đề | I10: M | J10: Text | K10: N | L10: 150
F11: User | H11: Người tạo | I11: M | J11: List | K11: N | L11: 20
F12: User | H12: Trạng thái | I12: M | J12: List | K12: N | L12: 20
F13: User | H13: Ngày tạo | I13: M | J13: Date | K13: N | L13: 20
F14: User | H14: Loại cấp tài sản | I14: M | J14: List | K14: N | L14: 100
F15: User | H15: Người xử lý | I15: O | J15: List | K15: N | L15: 20
F16: User | H16: Ngày xác nhận | I16: O | J16: Date | K16: N | L16: 20
E17: Tìm kiếm yêu cầu
F18: User | G18: Input | H18: Mã yêu cầu | I18: M | J18: Text | K18: Y | L18: 20
F19: User | G19: Input | H19: Tiêu đề | I19: M | J19: Text | K19: Y | L19: 150
F20: User | G20: Select | H20: Người tạo | I20: M | J20: List | K20: Y | L20: 20
F21: User | G21: Select | H21: Trạng thái | I21: M | J21: List | K21: Y | L21: 20
F22: User | G22: Input | H22: Ngày tạo | I22: M | J22: Date | K22: Y | L22: 20
F23: User | G23: Select | H23: Loại cấp tài sản | I23: M | J23: List | K23: Y | L23: 100
F24: User | G24: Select | H24: Người xử lý | I24: M | J24: List | K24: Y | L24: 20
F25: User | G25: Input | H25: Ngày xác nhận | I25: M | J25: Date | K25: Y | L25: 20
B26: 2. Hiển thị kết quả tìm kiếm | C26: Hệ thống | E26: Danh sách yêu cầu
F27: System | H27: Mã yêu cầu | I27: M | J27: Text | K27: N | L27: 20
F28: System | H28: Tiêu đề | I28: M | J28: Text | K28: N | L28: 150
F29: System | H29: Người tạo | I29: M | J29: List | K29: N | L29: 20
F30: System | H30: Trạng thái | I30: M | J30: List | K30: N | L30: 20
F31: System | H31: Ngày tạo | I31: M | J31: Date | K31: N | L31: 20
F32: System | H32: Loại cấp tài sản | I32: M | J32: List | K32: N | L32: 100
F33: System | H33: Người xử lý | I33: O | J33: List | K33: N | L33: 20
F34: System | H34: Ngày xác nhận | I34: O | J34: Date | K34: N | L34: 20
B35: 3. Chọn yêu cầu, xem | C35: AM | F35: User | G35: Select | H35: Yêu cầu
E36: Thông tin chung
F37: System | G37: Display | H37: Số yêu cầu | I37: M | J37: Text | K37: N
F38: System | G38: Display | H38: Ngày tạo | I38: M | J38: Date | K38: N
F39: User | G39: Input | H39: Tiêu đề | I39: O | J39: Text | K39: N
E40: DS tài sản cấp
F41: System | G41: Display | H41: Mã tài sản | I41: M | K41: N | Q41: Hiển thị mặc định
F42: System | G42: Display | H42: Tên Tài sản | I42: M | K42: N | Q42: Hiển thị mặc định
F43: System | G43: Display | H43: Mô tả TS | I43: M | K43: N | Q43: Hiển thị mặc định
F44: System | G44: Display | H44: Trạng thái TS | I44: M | K44: N | Q44: Hiển thị mặc định
F45: System | G45: Display | H45: Phân nhóm TS (group name) | I45: M | K45: N | Q45: Hiển thị mặc định
F46: System | G46: Display | H46: Nhóm TS (CAT1) | I46: M | K46: N | Q46: Hiển thị mặc định
F47: System | G47: Display | H47: Số PO | I47: M | K47: N | Q47: Hiển thị mặc định
F48: System | G48: Display | H48: Tên nhà cung cấp | I48: O | K48: N | Q48: Ẩn hiện tùy biến
F49: System | G49: Display | H49: Nguyên giá TS (VAT incl) | I49: M | K49: N | Q49: Ẩn hiện tùy biến
F50: System | G50: Display | H50: Mã TS liên quan | I50: O | K50: N | Q50: Ẩn hiện tùy biến
F51: System | G51: Display | H51: Mô tả TS liên quan | I51: O | K51: N | Q51: Ẩn hiện tùy biến
F52: System | G52: Display | H52: Tên người sử dụng | I52: M | K52: N | Q52: Hiển thị mặc định
... F66: System | G66: Display | H66: Ngày bắt đầu sử dụng | I66: O | K66: N | Q66: Ẩn hiện tùy biến
E67: Đầu mối phụ trách cấp TS
F68: System | G68: Display | H68: Đơn vị cung cấp | I68: M | K68: N | L68: 50
F69: User | G69: Display | H69: Đầu mối | I69: M | K69: N | L69: 50
F70: User | G70: Display | H70: Số điện thoại | I70: M | K70: N | L70: 52
F71: User | G71: Input | H71: Thời gian bàn giao | I71: O | K71: N | L71: 50
E72: Thông tin đơn vị nhận
F73: System/User | G73: Display/Search/Select | H73: Tên Người nhận | I73: M | K73: N | L73: 50 | N73: = Người khởi tạo | P73: OMS
F74: System | G74: Display | H74: Tên ĐVKD/ Phòng ban HO | I74: M | K74: N | L74: 50 | P74: OMS | Q74: Tự động nhận diện, hiển thị tên đơn vị Người khởi tạo
F75: System | G75: Display | H75: Địa chỉ nhận | I75: M | K75: N | L75: 150 | P75: OMS | Q75: Tự động nhận diện, hiển thị Khối theo Người khởi tạo
F76: System/User | G76: Display/Input | H76: Điện thoại di động | I76: M | K76: N | L76: 50 | P76: OMS | Q76: Tự động nhận diện, hiển thị số điện thoại của Người khởi tạo
E77: Ghi chú | F77: User | G77: Input | H77: Ghi chú | I77: M | K77: N
E78: Hồ sơ đính kèm
F79: System | G79: Display | H79: Tên thư mục | I79: M | K79: N
F80: System | G80: Display | H80: Tên tài liệu | I80: M | K80: N
F81: System | G81: Display | H81: Ngày | I81: M | K81: N
F82: System | G82: Display | H82: Tên | I82: M | K82: N
F83: System | G83: Display | H83: Dung lượng | I83: M | K83: N
F84: System | G84: Display | H84: Tên file | I84: M | K84: N
F85: User | G85: Add/Delete | H85: File | Q85: AM có thể add/delete file do người nhận đính kèm, không được delete file đính kèm bởi người khởi tạo
E86: Quá trình xử lý
F87: System | G87: Display | H87: Người xử lý | I87: M | K87: N | M87: Tên người xử lý | Tên đơn vị
F88: System | G88: Display | H88: Hành động | I88: M | K88: N
E89: Lịch sử
F90: System | G90: Display | H90: Người xử lý | I90: M | K90: N | M90: Tên người xử lý | Tên đơn vị
F91: System | G91: Display | H91: Hành động | I91: M | K91: N
F92: System | G92: Display | H92: Thời gian | I92: M | K92: N
F93: System | G93: Display | H93: Ghi chú | I93: M | K93: N
E94: Quyết định
F95: User | G95: Select | H95: Từ chối | I95: M | J95: Button | K95: Y
F96: User | G96: Select | H96: Phê duyệt | I96: M | J96: Button | K96: Y
B97: 4. Nhập lý do từ chối | C97: AM
F98: User | G98: Nhập | H98: Lý do từ chối | I98: M | J98: Text | K98: Y | L98: 150
B99: 5. Cập nhật trạng thái yêu cầu | C99: Hệ thống
F100: System | G100: Update | H100: Trạng thái yêu cầu | R100: Từ chối
B101: 6. Unlock tài sản | C101: Hệ thống
F102: System | G102: Update | H102: Trạng thái lock tài sản | Q102: Hệ thống unlock asset. Asset có thể được pickup cho 1 request khác.
B103: 7. Cập nhật tasklist | C103: Hệ thống
F104: System | G104: Update | H104: Tasklist AM | Q104: "Đã xử lý"
F105: System | G105: Update | H105: Tasklist AMP | Q105: "Cần xử lý"
B106: 8. Thông báo cho AMP | C106: Hệ thống
F107: System | G107: Send | H107: Email notification | J107: Notification
F108: System | G108: Send | H108: Email notification | J108: Notification

Sheet 5.4.1a 
A1: <<<
B2: CẤP TÀI SẢN
B3: Tạo yêu cầu xuất kho

Sheet 5.4.1b 
A1: <<<
B2: ='5.4.1a '!B2 -> CẤP TÀI SẢN
B3: ='5.4.1a '!B3 -> Tạo yêu cầu xuất kho
B5: 1 | C5: 2 | E5: 1 | F5: =E5+1 -> 2 | G5: =F5+1 -> 3 | H5: =G5+1 -> 4 | I5: =H5+1 -> 5 | J5: =I5+1 -> 6 | K5: =J5+1 -> 7 | L5: =K5+1 -> 8 | M5: =L5+1 -> 9 | ... U5: =T5+1 -> 17
B6: 1. Tạo yêu cầu xuất kho | C6: 1 | E6: Data | R6: Status | S6: Notification | T6: Template | U6: Biz rule
C7: 2 | E7: Tab/section | F7: Operator | G7: Action | H7: Field name VN | I7: M/O | J7: Field type | K7: Editable | L7: Max length | M7: Format | N7: Default value | O7: LOV | P7: Data source | Q7: Data rule
C8: Hệ thống | E8: Hệ thống tự động tạo yêu cầu xuất kho theo thông tin trên phiếu cấp.
E9: Thông tin chung
F10: System | G10: Display | H10: Số yêu cầu | I10: M | J10: Text | K10: N | L10: 50 | M10: XK.YY.xxxx | Q10: YY = Year, xxxx = số chạy từ 1-9999 không dùng lại
F11: System | G11: Display | H11: Ngày tạo | I11: M | J11: Date | K11: N | L11: 50 | M11: MM.DD.YYYY | N11: Today
F12: System | G12: Input | H12: Tiêu đề | I12: O | J12: Text | K12: Y | L12: 150 | Q12: =Tiêu đề RQ Cấp/Thanh lý
E13: DS tài sản xuất kho | Q13: = Danh mục tài sản trong phiếu cấp/thanh lý
F14: System | G14: Display | H14: Mã tài sản | I14: M | K14: N | Q14: Hiển thị mặc định
F15: System | G15: Display | H15: Tên Tài sản | I15: M | K15: N | Q15: Hiển thị mặc định
F16: System | G16: Display | H16: Mô tả TS | I16: M | K16: N | Q16: Hiển thị mặc định
F17: System | G17: Display | H17: Trạng thái TS | I17: M | K17: N | Q17: Hiển thị mặc định
F18: System | G18: Display | H18: Phân nhóm TS (group name) | I18: M | K18: N | Q18: Hiển thị mặc định
F19: System | G19: Display | H19: Nhóm TS (CAT1) | I19: M | K19: N | Q19: Hiển thị mặc định
F20: System | G20: Display | H20: Số PO | I20: M | K20: N | Q20: Hiển thị mặc định
F21: System | G21: Display | H21: Tên nhà cung cấp | I21: O | K21: N | Q21: Ẩn hiện tùy biến
F22: System | G22: Display | H22: Nguyên giá TS (VAT incl) | I22: M | K22: N | Q22: Ẩn hiện tùy biến
F23: System | G23: Display | H23: Mã TS liên quan | I23: O | K23: N | Q23: Ẩn hiện tùy biến
F24: System | G24: Display | H24: Mô tả TS liên quan | I24: O | K24: N | Q24: Ẩn hiện tùy biến
F25: System | G25: Display | H25: Tên người sử dụng | I25: M | K25: N | Q25: Hiển thị mặc định
... F39: System | G39: Display | H39: Ngày bắt đầu sử dụng | I39: O | K39: N | Q39: Ẩn hiện tùy biến
E40: Thông tin kho xuất
F41: System/User | G41: Display/Search/Select | H41: Tên kho | I41: M | J41: List | K41: N | L41: 50 | Q41: = Thông tin kho trên RQ cấp/Thanh lý
F42: System | G42: Display | H42: Địa chỉ kho | I42: M | J42: Text | K42: Y | L42: 50 | P42: OMS
F43: System | G43: Display | H43: Quản lý kho | I43: M | J43: Text | K43: N | L43: 50 | P43: OMS
E44: Thông tin đầu mối nhận hàng
F45: User | G45: Input | H45: Đầu mối | I45: M | J45: Text | K45: Y | L45: 50
F46: User | G46: Input | H46: Số điện thoại | I46: M | J46: Number | K46: Y | L46: 52
F47: User | G47: Input | H47: Thời gian bàn giao | I47: O | J47: Date | K47: Y | L47: 50
E48: Ghi chú | F48: User | G48: Input | H48: Ghi chú | I48: M | J48: Text | K48: Y | L48: 150 | Q48: = Mã RQ cấp/thanh lý
E49: Hồ sơ đính kèm
F50: User | G50: Select | H50: Thêm | I50: M | J50: Button | K50: N
F51: User | G51: Select | H51: File | I51: M | K51: N
F52: System/User | G52: Display/Select | H52: Tên thư mục | I52: M | K52: N
F53: System/User | G53: Display/Input | H53: Tên tài liệu | I53: M | J53: Text | K53: N | L53: 150
F54: System | G54: Display | H54: Ngày | I54: M | K54: N
F55: System | G55: Display | H55: Tên | I55: M | K55: N
F56: System | G56: Display | H56: Dung lượng | I56: M | K56: N
F57: System | G57: Display | H57: Tên file | I57: M | K57: N
B58: 10. Cập nhật trạng thái yêu cầu | C58: Hệ thống
F59: System | G59: Update | H59: RQ Cấp tài sản/RQ Thanh lý | R59: Đã xác nhận/Đã cập nhật kết quả thanh lý/Đã phê duyệt kết quả thanh lý
F60: System | G60: Update | H60: RQ Xuất kho | R60: Chờ xuất kho
B62: 11. Cập nhật tasklist | C62: Hệ thống
F63: System | G63: Update | H63: Tasklist AM | Q63: Đã xử lý
F64: System | G64: Update | H64: Tasklist WK | Q64: Cần xử lý
F65: System | G65: Update | H65: Tasklist AMP | Q65: Đã xử lý
B66: 16. Thông báo cho WK | C66: Hệ thống
F67: System | G67: Send | H67: Email notification | J67: Notification

Sheet 5.4.2a 
A1: <<<
B2: XUẤT KHO TỪ CẤP TÀI SẢN
B3: Tiếp nhận yêu cầu xuất kho

Sheet 5.4.2b 
A1: <<<
B2: ='5.4.2a '!$B$2 -> XUẤT KHO TỪ CẤP TÀI SẢN
B3: ='5.4.2a '!$B$3 -> Tiếp nhận yêu cầu xuất kho
B5: 1 | C5: 2 | E5: 1 | F5: =E5+1 -> 2 | G5: =F5+1 -> 3 | H5: =G5+1 -> 4 | I5: =H5+1 -> 5 | J5: =I5+1 -> 6 | K5: =J5+1 -> 7 | L5: =K5+1 -> 8 | M5: =L5+1 -> 9 | ... U5: =T5+1 -> 17
B6: 1. Nhập thông tin tìm kiếm yêu cầu | C6: 1 | E6: Data | R6: Status | S6: Notification | T6: Template | U6: Biz rule
C7: 2 | E7: Tab/section | F7: Operator | G7: Action | H7: Field name VN | I7: M/O | J7: Field type | K7: Editable | L7: Max length | M7: Format | N7: Default value | O7: LOV | P7: Data source | Q7: Data rule
C8: WK | E8: Tasklist/Danh sách yêu cầu
F9: User | H9: Mã yêu cầu | I9: M | J9: Text | K9: N | L9: 20
F10: User | H10: Tiêu đề | I10: M | J10: Text | K10: N | L10: 150
F11: User | H11: Người tạo | I11: M | J11: List | K11: N | L11: 20
F12: User | H12: Trạng thái | I12: M | J12: List | K12: N | L12: 20
F13: User | H13: Ngày tạo | I13: M | J13: Date | K13: N | L13: 20
F14: User | H14: Nghiệp vụ kho | I14: M | J14: List | K14: N | L14: 100
F15: User | H15: Người xử lý | I15: O | J15: List | K15: N | L15: 20
F16: User | H16: Ngày xác nhận | I16: O | J16: Date | K16: N | L16: 20
E17: Tìm kiếm yêu cầu
F18: User | G18: Input | H18: Mã yêu cầu | I18: M | J18: Text | K18: Y | L18: 20
F19: User | G19: Input | H19: Tiêu đề | I19: M | J19: Text | K19: Y | L19: 150
F20: User | G20: Select | H20: Người tạo | I20: M | J20: List | K20: Y | L20: 20
F21: User | G21: Select | H21: Trạng thái | I21: M | J21: List | K21: Y | L21: 20
F22: User | G22: Input | H22: Ngày tạo | I22: M | J22: Date | K22: Y | L22: 20
F23: User | G23: Select | H23: Nghiệp vụ kho | I23: M | J23: List | K23: Y | L23: 100
F24: User | G24: Select | H24: Người xử lý | I24: M | J24: List | K24: Y | L24: 20
F25: User | G25: Input | H25: Ngày xác nhận | I25: M | J25: Date | K25: Y | L25: 20
B26: 2. Hiển thị kết quả tìm kiếm | C26: Hệ thống | E26: Danh sách yêu cầu
F27: System | H27: Mã yêu cầu | I27: M | J27: Text | K27: N | L27: 20
F28: System | H28: Tiêu đề | I28: M | J28: Text | K28: N | L28: 150
F29: System | H29: Người tạo | I29: M | J29: List | K29: N | L29: 20
F30: System | H30: Trạng thái | I30: M | J30: List | K30: N | L30: 20
F31: System | H31: Ngày tạo | I31: M | J31: Date | K31: N | L31: 20
F32: System | H32: Nghiệp vụ kho | I32: M | J32: List | K32: N | L32: 100
F33: System | H33: Người xử lý | I33: O | J33: List | K33: N | L33: 20
F34: System | H34: Ngày xác nhận | I34: O | J34: Date | K34: N | L34: 20
B35: 3. Chọn yêu cầu, xem | C35: WK | F35: User | G35: Select | H35: Yêu cầu
E36: Thông tin chung
F37: System | G37: Display | H37: Số yêu cầu | I37: M | J37: Text | K37: N | L37: 50 | M37: XK.YY.xxxx | Q37: YY = Year, xxxx = số chạy từ 1-9999 không dùng lại
F38: System | G38: Display | H38: Ngày tạo | I38: M | J38: Date | K38: N | L38: 50 | M38: MM.DD.YYYY | N38: Today
F39: System | G39: Input | H39: Tiêu đề | I39: O | J39: Text | K39: Y | L39: 150
E40: DS tài sản xuất kho | Q40: = Danh mục tài sản trong phiếu cấp/thanh lý
F41: System | G41: Display | H41: Mã tài sản | I41: M | K41: N | Q41: Hiển thị mặc định
F42: System | G42: Display | H42: Tên Tài sản | I42: M | K42: N | Q42: Hiển thị mặc định
F43: System | G43: Display | H43: Mô tả TS | I43: M | K43: N | Q43: Hiển thị mặc định
F44: System | G44: Display | H44: Trạng thái TS | I44: M | K44: N | Q44: Hiển thị mặc định
F45: System | G45: Display | H45: Phân nhóm TS (group name) | I45: M | K45: N | Q45: Hiển thị mặc định
F46: System | G46: Display | H46: Nhóm TS (CAT1) | I46: M | K46: N | Q46: Hiển thị mặc định
F47: System | G47: Display | H47: Số PO | I47: M | K47: N | Q47: Hiển thị mặc định
F48: System | G48: Display | H48: Tên nhà cung cấp | I48: O | K48: N | Q48: Ẩn hiện tùy biến
F49: System | G49: Display | H49: Nguyên giá TS (VAT incl) | I49: M | K49: N | Q49: Ẩn hiện tùy biến
F50: System | G50: Display | H50: Mã TS liên quan | I50: O | K50: N | Q50: Ẩn hiện tùy biến
F51: System | G51: Display | H51: Mô tả TS liên quan | I51: O | K51: N | Q51: Ẩn hiện tùy biến
F52: System | G52: Display | H52: Tên người sử dụng | I52: M | K52: N | Q52: Hiển thị mặc định
... F66: System | G66: Display | H66: Ngày bắt đầu sử dụng | I66: O | K66: N | Q66: Ẩn hiện tùy biến
E67: Thông tin kho xuất
F68: System | G68: Display | H68: Tên kho | I68: M | J68: List | K68: N | L68: 50 | Q68: = Thông tin kho trên RQ cấp tài sản
F69: System | G69: Display | H69: Địa chỉ kho | I69: M | J69: Text | K69: Y | L69: 50 | P69: OMS
F70: System | G70: Display | H70: Quản lý kho | I70: M | J70: Text | K70: N | L70: 50 | P70: OMS
E71: Thông tin đầu mối nhận hàng
F72: User | G72: Input | H72: Đầu mối | I72: M | J72: Text | K72: Y | L72: 50
F73: User | G73: Input | H73: Số điện thoại | I73: M | J73: Number | K73: Y | L73: 52
F74: User | G74: Input | H74: Thời gian bàn giao | I74: O | J74: Date | K74: Y | L74: 50
E75: Ghi chú | F75: User | G75: Input | H75: Ghi chú | I75: M | J75: Text | K75: Y | L75: 150
E76: Hồ sơ đính kèm
F77: User | G77: Select | H77: Thêm | I77: M | J77: Button | K77: N
F78: User | G78: Select | H78: File | I78: M | K78: N
F79: System | G79: Display | H79: Tên thư mục | I79: M | K79: N
F80: System | G80: Display | H80: Tên tài liệu | I80: M | J80: Text | K80: N | L80: 150
F81: System | G81: Display | H81: Ngày | I81: M | K81: N
F82: System | G82: Display | H82: Tên | I82: M | K82: N
F83: System | G83: Display | H83: Dung lượng | I83: M | K83: N
F84: System | G84: Display | H84: Tên file | I84: M | K84: N
E85: Quyết định
F86: User | G86: Select | H86: Từ chối | I86: M | K86: N | Q86: Ẩn nút Từ chối nếu RQ xuất kho xuất phát từ yêu cầu thanh lý
F87: User | G87: Select | H87: Đồng ý | I87: M | K87: N
B89: 4. Nhập lý do từ chối | C89: WK
F90: User | G90: Nhập | H90: Lý do từ chối | I90: M | J90: Text | K90: Y | L90: 150
B91: 5. Cập nhật trạng thái yêu cầu | C91: Hệ thống
F92: System | G92: Update | H92: RQ Cấp tài sản | R92: Từ chối
F93: System | G93: Update | H93: RQ Xuất kho | R93: Từ chối
B94: 6. Unlock tài sản | C94: Hệ thống
F95: System | G95: Update | H95: Trạng thái lock tài sản | Q95: Hệ thống unlock asset. Asset có thể được pickup cho 1 request khác.
B96: 7. Cập nhật tasklist | C96: Hệ thống
F97: System | G97: Update | H97: Tasklist AM | Q97: "Đã xử lý"
F98: System | G98: Update | H98: Tasklist AMP | Q98: "Cần xử lý"
B99: 8. Thông báo cho AMP | C99: Hệ thống
F100: System | G100: Send | H100: Email notification | J100: Notification
B101: 9. Cập nhật trạng thái yêu cầu | C101: WK | F101: User | G101: Đồng ý
C102: Hệ thống
F103: System | G103: Update | H103: RQ Cấp tài sản | R103: "Đã xác nhận"
F104: System | G104: Update | H104: RQ Xuất kho | R104: "Chờ xác nhận"
B106: 10. Cập nhật tasklist | C106: Hệ thống
F107: System | G107: Update | H107: Tasklist WK | Q107: Đã xử lý
F108: System | G108: Update | H108: Tasklist Warehouse Mgr. | Q108: Cần xử lý
B109: 11. Thông báo cho Warehouse Mgr. | C109: Hệ thống
F110: System | G110: Send | H110: Email notification | J110: Notification

Sheet 5.4.3a 
A1: <<<
B2: XUẤT KHO TỪ CẤP TÀI SẢN
B3: Phê duyệt yêu cầu xuất kho

Sheet 5.4.3b
A1: <<<
B2: ='5.4.3a '!B2 -> XUẤT KHO TỪ CẤP TÀI SẢN
B3: ='5.4.3a '!B3 -> Phê duyệt yêu cầu xuất kho
B5: 1 | C5: 2 | E5: 1 | F5: =E5+1 -> 2 | G5: =F5+1 -> 3 | H5: =G5+1 -> 4 | I5: =H5+1 -> 5 | J5: =I5+1 -> 6 | K5: =J5+1 -> 7 | L5: =K5+1 -> 8 | M5: =L5+1 -> 9 | ... U5: =T5+1 -> 17
B6: 1. Nhập thông tin tìm kiếm yêu cầu | C6: 1 | E6: Data | R6: Status | S6: Notification | T6: Template | U6: Biz rule
C7: 2 | E7: Tab/section | F7: Operator | G7: Action | H7: Field name VN | I7: M/O | J7: Field type | K7: Editable | L7: Max length | M7: Format | N7: Default value | O7: LOV | P7: Data source | Q7: Data rule
C8: Warehouse Mgr. | E8: Tasklist/Danh sách yêu cầu
F9: User | H9: Mã yêu cầu | I9: M | J9: Text | K9: N | L9: 20
F10: User | H10: Tiêu đề | I10: M | J10: Text | K10: N | L10: 150
F11: User | H11: Người tạo | I11: M | J11: List | K11: N | L11: 20
F12: User | H12: Trạng thái | I12: M | J12: List | K12: N | L12: 20
F13: User | H13: Ngày tạo | I13: M | J13: Date | K13: N | L13: 20
F14: User | H14: Nghiệp vụ kho | I14: M | J14: List | K14: N | L14: 100
F15: User | H15: Người xử lý | I15: O | J15: List | K15: N | L15: 20
F16: User | H16: Ngày xác nhận | I16: O | J16: Date | K16: N | L16: 20
E17: Tìm kiếm yêu cầu
F18: User | G18: Input | H18: Mã yêu cầu | I18: M | J18: Text | K18: Y | L18: 20
F19: User | G19: Input | H19: Tiêu đề | I19: M | J19: Text | K19: Y | L19: 150
F20: User | G20: Select | H20: Người tạo | I20: M | J20: List | K20: Y | L20: 20
F21: User | G21: Select | H21: Trạng thái | I21: M | J21: List | K21: Y | L21: 20
F22: User | G22: Input | H22: Ngày tạo | I22: M | J22: Date | K22: Y | L22: 20
F23: User | G23: Select | H23: Loại cấp tài sản | I23: M | J23: List | K23: Y | L23: 100
F24: User | G24: Select | H24: Người xử lý | I24: M | J24: List | K24: Y | L24: 20
F25: User | G25: Input | H25: Ngày xác nhận | I25: M | J25: Date | K25: Y | L25: 20
B26: 2. Hiển thị kết quả tìm kiếm | C26: Hệ thống | E26: Danh sách yêu cầu
F27: System | H27: Mã yêu cầu | I27: M | J27: Text | K27: N | L27: 20
F28: System | H28: Tiêu đề | I28: M | J28: Text | K28: N | L28: 150
F29: System | H29: Người tạo | I29: M | J29: List | K29: N | L29: 20
F30: System | H30: Trạng thái | I30: M | J30: List | K30: N | L30: 20
F31: System | H31: Ngày tạo | I31: M | J31: Date | K31: N | L31: 20
F32: System | H32: Nghiệp vụ kho | I32: M | J32: List | K32: N | L32: 100
F33: System | H33: Người xử lý | I33: O | J33: List | K33: N | L33: 20
F34: System | H34: Ngày xác nhận | I34: O | J34: Date | K34: N | L34: 20
B35: 3. Chọn yêu cầu, xem | C35: Warehouse Mgr. | F35: User | G35: Select | H35: Yêu cầu
E36: Thông tin chung
F37: System | G37: Display | H37: Số yêu cầu | I37: M | J37: Text | K37: N | L37: 50 | M37: XK.YY.xxxx | Q37: YY = Year, xxxx = số chạy từ 1-9999 không dùng lại
F38: System | G38: Display | H38: Ngày tạo | I38: M | J38: Date | K38: N | L38: 50 | M38: MM.DD.YYYY | N38: Today
F39: System | G39: Input | H39: Tiêu đề | I39: O | J39: Text | K39: Y | L39: 150
E40: DS tài sản xuất kho | Q40: = Danh mục tài sản trong phiếu cấp/thanh lý
F41: System | G41: Display | H41: Mã tài sản | I41: M | K41: N | Q41: Hiển thị mặc định
F42: System | G42: Display | H42: Tên Tài sản | I42: M | K42: N | Q42: Hiển thị mặc định
F43: System | G43: Display | H43: Mô tả TS | I43: M | K43: N | Q43: Hiển thị mặc định
F44: System | G44: Display | H44: Trạng thái TS | I44: M | K44: N | Q44: Hiển thị mặc định
F45: System | G45: Display | H45: Phân nhóm TS (group name) | I45: M | K45: N | Q45: Hiển thị mặc định
F46: System | G46: Display | H46: Nhóm TS (CAT1) | I46: M | K46: N | Q46: Hiển thị mặc định
F47: System | G47: Display | H47: Số PO | I47: M | K47: N | Q47: Hiển thị mặc định
F48: System | G48: Display | H48: Tên nhà cung cấp | I48: O | K48: N | Q48: Ẩn hiện tùy biến
F49: System | G49: Display | H49: Nguyên giá TS (VAT incl) | I49: M | K49: N | Q49: Ẩn hiện tùy biến
F50: System | G50: Display | H50: Mã TS liên quan | I50: O | K50: N | Q50: Ẩn hiện tùy biến
F51: System | G51: Display | H51: Mô tả TS liên quan | I51: O | K51: N | Q51: Ẩn hiện tùy biến
F52: System | G52: Display | H52: Tên người sử dụng | I52: M | K52: N | Q52: Hiển thị mặc định
... F66: System | G66: Display | H66: Ngày bắt đầu sử dụng | I66: O | K66: N | Q66: Ẩn hiện tùy biến
E67: Thông tin kho xuất
F68: System/User | G68: Display/Search/Select | H68: Tên kho | I68: M | J68: List | K68: N | L68: 50 | Q68: = Thông tin kho trên RQ cấp tài sản
F69: System | G69: Display | H69: Địa chỉ kho | I69: M | J69: Text | K69: Y | L69: 50 | P69: OMS
F70: System | G70: Display | H70: Quản lý kho | I70: M | J70: Text | K70: N | L70: 50 | P70: OMS
E71: Thông tin đầu mối nhận hàng
F72: User | G72: Input | H72: Đầu mối | I72: M | J72: Text | K72: Y | L72: 50
F73: User | G73: Input | H73: Số điện thoại | I73: M | J73: Number | K73: Y | L73: 52
F74: User | G74: Input | H74: Thời gian bàn giao | I74: O | J74: Date | K74: Y | L74: 50
E75: Ghi chú | F75: User | G75: Input | H75: Ghi chú | I75: M | J75: Text | K75: Y | L75: 150
E76: Hồ sơ đính kèm
F77: User | G77: Select | H77: Thêm | I77: M | J77: Button | K77: N
F78: User | G78: Select | H78: File | I78: M | K78: N
F79: System | G79: Display | H79: Tên thư mục | I79: M | K79: N
F80: System | G80: Display | H80: Tên tài liệu | I80: M | J80: Text | K80: N | L80: 150
F81: System | G81: Display | H81: Ngày | I81: M | K81: N
F82: System | G82: Display | H82: Tên | I82: M | K82: N
F83: System | G83: Display | H83: Dung lượng | I83: M | K83: N
F84: System | G84: Display | H84: Tên file | I84: M | K84: N
E85: Quyết định
F86: User | G86: Select | H86: Từ chối | I86: M | K86: N | Q86: Ẩn nút Từ chối nếu RQ xuất kho xuất phát từ yêu cầu thanh lý
F87: User | G87: Select | H87: Phê duyệt | I87: M | K87: N
B88: 4. Nhập lý do từ chối | C88: Warehouse Mgr.
F89: User | G89: Nhập | H89: Lý do từ chối | I89: M | J89: Text | K89: Y | L89: 150
B90: 5. Cập nhật trạng thái yêu cầu | C90: Hệ thống
F91: System | G91: Update | H91: RQ Cấp tài sản | R91: Từ chối
F92: System | G92: Update | H92: RQ Xuất kho | R92: Từ chối
B93: 6. Unlock tài sản | C93: Hệ thống
F94: System | G94: Update | H94: Trạng thái lock tài sản | Q94: Hệ thống unlock asset. Asset có thể được pickup cho 1 request khác.
B95: 7. Cập nhật tasklist | C95: Hệ thống
F96: System | G96: Update | H96: Tasklist Warehouse Mgr. | Q96: "Đã xử lý"
F97: System | G97: Update | H97: Tasklist AMP | Q97: "Cần xử lý"
B98: 8. Thông báo cho AMP, WK | C98: Hệ thống
F99: System | G99: Send | H99: Email notification | J99: Notification
B100: 9. Cập nhật trạng thái yêu cầu | C100: Warehouse Mgr. | F100: User | G100: Phê duyệt
C101: Hệ thống
F102: System | G102: Update | H102: RQ Cấp tài sản | R102: "Đã xác nhận"
F103: System | G103: Update | H103: RQ Xuất kho | R103: "Chờ xác nhận"
B105: 10. Cập nhật tasklist | C105: Hệ thống
F106: System | G106: Update | H106: Tasklist Warehouse Mgr. | Q106: Đã xử lý
F107: System | G107: Update | H107: Tasklist BU user | Q107: Cần xử lý
B108: 11. Thông báo cho Warehouse Mgr. | C108: Hệ thống
F109: System | G109: Send | H109: Email notification | J109: Notification
B110: 12. Xuất hàng từ kho | C110: WK | E110: Thủ kho giao tài sản cho người dùng

Sheet 5.4.4a
A1: <<<
B2: XUẤT KHO TỪ CẤP TÀI SẢN
B3: Nhận tài sản

Sheet 5.4.4b
A1: <<<
B2: ='5.4.3a '!B2 -> XUẤT KHO TỪ CẤP TÀI SẢN
B3: ='5.4.4a'!B3 -> Nhận tài sản
B5: 1 | C5: 2 | E5: 1 | F5: =E5+1 -> 2 | G5: =F5+1 -> 3 | H5: =G5+1 -> 4 | I5: =H5+1 -> 5 | J5: =I5+1 -> 6 | K5: =J5+1 -> 7 | L5: =K5+1 -> 8 | M5: =L5+1 -> 9 | ... U5: =T5+1 -> 17
B6: 1. Nhập thông tin tìm kiếm yêu cầu | C6: 1 | E6: Data | R6: Status | S6: Notification | T6: Template | U6: Biz rule
C7: 2 | E7: Tab/section | F7: Operator | G7: Action | H7: Field name VN | I7: M/O | J7: Field type | K7: Editable | L7: Max length | M7: Format | N7: Default value | O7: LOV | P7: Data source | Q7: Data rule
C8: BU user | E8: Tasklist/Danh sách yêu cầu
F9: User | H9: Mã yêu cầu | I9: M | J9: Text | K9: N | L9: 20
F10: User | H10: Tiêu đề | I10: M | J10: Text | K10: N | L10: 150
F11: User | H11: Người tạo | I11: M | J11: List | K11: N | L11: 20
F12: User | H12: Trạng thái | I12: M | J12: List | K12: N | L12: 20
F13: User | H13: Ngày tạo | I13: M | J13: Date | K13: N | L13: 20
F14: User | H14: Nghiệp vụ kho | I14: M | J14: List | K14: N | L14: 100
F15: User | H15: Người xử lý | I15: O | J15: List | K15: N | L15: 20
F16: User | H16: Ngày xác nhận | I16: O | J16: Date | K16: N | L16: 20
E17: Tìm kiếm yêu cầu
F18: User | G18: Input | H18: Mã yêu cầu | I18: M | J18: Text | K18: Y | L18: 20
F19: User | G19: Input | H19: Tiêu đề | I19: M | J19: Text | K19: Y | L19: 150
F20: User | G20: Select | H20: Người tạo | I20: M | J20: List | K20: Y | L20: 20
F21: User | G21: Select | H21: Trạng thái | I21: M | J21: List | K21: Y | L21: 20
F22: User | G22: Input | H22: Ngày tạo | I22: M | J22: Date | K22: Y | L22: 20
F23: User | G23: Select | H23: Nghiệp vụ kho | I23: M | J23: List | K23: Y | L23: 100
F24: User | G24: Select | H24: Người xử lý | I24: M | J24: List | K24: Y | L24: 20
F25: User | G25: Input | H25: Ngày xác nhận | I25: M | J25: Date | K25: Y | L25: 20
B26: 2. Hiển thị kết quả tìm kiếm | C26: Hệ thống | E26: Danh sách yêu cầu
F27: System | H27: Mã yêu cầu | I27: M | J27: Text | K27: N | L27: 20
F28: System | H28: Tiêu đề | I28: M | J28: Text | K28: N | L28: 150
F29: System | H29: Người tạo | I29: M | J29: List | K29: N | L29: 20
F30: System | H30: Trạng thái | I30: M | J30: List | K30: N | L30: 20
F31: System | H31: Ngày tạo | I31: M | J31: Date | K31: N | L31: 20
F32: System | H32: Nghiệp vụ kho | I32: M | J32: List | K32: N | L32: 100
F33: System | H33: Người xử lý | I33: O | J33: List | K33: N | L33: 20
F34: System | H34: Ngày xác nhận | I34: O | J34: Date | K34: N | L34: 20
B35: 3. Chọn yêu cầu, xem | C35: BU user | F35: User | G35: Select | H35: Yêu cầu
E36: Thông tin chung
F37: System | G37: Display | H37: Số yêu cầu | I37: M | J37: Text | K37: N | L37: 50 | M37: XK.YY.xxxx | Q37: YY = Year, xxxx = số chạy từ 1-9999 không dùng lại
F38: System | G38: Display | H38: Ngày tạo | I38: M | J38: Date | K38: N | L38: 50 | M38: MM.DD.YYYY | N38: Today
F39: System | G39: Input | H39: Tiêu đề | I39: O | J39: Text | K39: Y | L39: 150
E40: DS tài sản xuất kho | Q40: = Danh mục tài sản trong phiếu cấp/thanh lý
F41: System | G41: Display | H41: Mã tài sản | I41: M | K41: N | Q41: Hiển thị mặc định
F42: System | G42: Display | H42: Tên Tài sản | I42: M | K42: N | Q42: Hiển thị mặc định
F43: System | G43: Display | H43: Mô tả TS | I43: M | K43: N | Q43: Hiển thị mặc định
F44: System | G44: Display | H44: Trạng thái TS | I44: M | K44: N | Q44: Hiển thị mặc định
F45: System | G45: Display | H45: Phân nhóm TS (group name) | I45: M | K45: N | Q45: Hiển thị mặc định
F46: System | G46: Display | H46: Nhóm TS (CAT1) | I46: M | K46: N | Q46: Hiển thị mặc định
F47: System | G47: Display | H47: Số PO | I47: M | K47: N | Q47: Hiển thị mặc định
F48: System | G48: Display | H48: Tên nhà cung cấp | I48: O | K48: N | Q48: Ẩn hiện tùy biến
F49: System | G49: Display | H49: Nguyên giá TS (VAT incl) | I49: M | K49: N | Q49: Ẩn hiện tùy biến
F50: System | G50: Display | H50: Mã TS liên quan | I50: O | K50: N | Q50: Ẩn hiện tùy biến
F51: System | G51: Display | H51: Mô tả TS liên quan | I51: O | K51: N | Q51: Ẩn hiện tùy biến
F52: System | G52: Display | H52: Tên người sử dụng | I52: M | K52: N | Q52: Hiển thị mặc định
... F66: System | G66: Display | H66: Ngày bắt đầu sử dụng | I66: O | K66: N | Q66: Ẩn hiện tùy biến
E67: Thông tin kho xuất
F68: System/User | G68: Display/Search/Select | H68: Tên kho | I68: M | J68: List | K68: N | L68: 50 | Q68: = Thông tin kho trên RQ cấp tài sản
F69: System | G69: Display | H69: Địa chỉ kho | I69: M | J69: Text | K69: Y | L69: 50 | P69: OMS
F70: System | G70: Display | H70: Quản lý kho | I70: M | J70: Text | K70: N | L70: 50 | P70: OMS
E71: Thông tin đầu mối nhận hàng
F72: User | G72: Input | H72: Đầu mối | I72: M | J72: Text | K72: Y | L72: 50
F73: User | G73: Input | H73: Số điện thoại | I73: M | J73: Number | K73: Y | L73: 52
F74: User | G74: Input | H74: Thời gian bàn giao | I74: O | J74: Date | K74: Y | L74: 50
E75: Ghi chú | F75: User | G75: Input | H75: Ghi chú | I75: M | J75: Text | K75: Y | L75: 150
E76: Hồ sơ đính kèm
F77: User | G77: Select | H77: Thêm | I77: M | J77: Button | K77: N
F78: User | G78: Select | H78: File | I78: M | K78: N
F79: System/User | G79: Display/Select | H79: Tên thư mục | I79: M | K79: N
F80: System/User | G80: Display/Input | H80: Tên tài liệu | I80: M | J80: Text | K80: N | L80: 150
F81: System | G81: Display | H81: Ngày | I81: M | K81: N
F82: System | G82: Display | H82: Tên | I82: M | K82: N
F83: System | G83: Display | H83: Dung lượng | I83: M | K83: N
F84: System | G84: Display | H84: Tên file | I84: M | K84: N
E85: Quyết định
F86: User | G86: Select | H86: Từ chối | I86: M | K86: N
F87: User | G87: Select | H87: Xác nhận | I87: M | K87: N
B88: 4. Nhập lý do từ chối | C88: BU user
F89: User | G89: Nhập | H89: Lý do từ chối | I89: M | J89: Text | K89: Y | L89: 150
B90: 5. Cập nhật trạng thái yêu cầu | C90: Hệ thống
F91: System | G91: Update | H91: RQ Cấp tài sản | R91: Từ chối
F92: System | G92: Update | H92: RQ Xuất kho | R92: Từ chối
B93: 6. Unlock tài sản | C93: Hệ thống
F94: System | G94: Update | H94: Trạng thái lock tài sản | Q94: Hệ thống unlock asset. Asset có thể được pickup cho 1 request khác.
B95: 7. Cập nhật tasklist | C95: Hệ thống
F96: System | G96: Update | H96: Tasklist Warehouse Mgr. | Q96: "Đã xử lý"
F97: System | G97: Update | H97: Tasklist AMP | Q97: "Cần xử lý"
B98: 8. Thông báo cho AMP, WK | C98: Hệ thống
F99: System | G99: Send | H99: Email notification | J99: Notification
B100: 9. Cập nhật trạng thái yêu cầu | C100: BU user | F100: User | G100: Xác nhận
C101: Hệ thống
F102: System | G102: Update | H102: RQ Cấp tài sản | R102: "Đã xác nhận"
F103: System | G103: Update | H103: RQ Xuất kho | R103: "Đã nhận tài sản"
B105: 10. Unlock tài sản | C105: Hệ thống
F106: System | G106: Update | H106: Trạng thái lock tài sản | Q106: Clear thông tin kho và Cập nhật Đơn vị sử dụng cho tài sản
B108: 11. Cập nhật tasklist | C108: Hệ thống
F109: System | G109: Update | H109: Tasklist BU user | Q109: Đã xử lý
B110: 11. Thông báo cho AMP, WK | C110: Hệ thống
F111: System | G111: Send | H111: Email notification | J111: Notification

Sheet 5.5.1a
A1: <<<
B2: HỦY YÊU CẦU XUẤT KHO

Sheet 5.5.1b
A1: <<<
B2: HỦY YÊU CẦU XUẤT KHO
B3: Điều kiện: | C3: Yêu cầu xuất kho đã tạo thành công và có trạng thái <> "Đã xác nhận"
B5: 1 | C5: 2 | E5: 1 | F5: =E5+1 -> 2 | G5: =F5+1 -> 3 | H5: =G5+1 -> 4 | I5: =H5+1 -> 5 | J5: =I5+1 -> 6 | K5: =J5+1 -> 7 | L5: =K5+1 -> 8 | M5: =L5+1 -> 9 | ... U5: =T5+1 -> 17
B6: 1. Nhập thông tin tìm kiếm yêu cầu | C6: 1 | E6: Data | R6: Status | S6: Notification | T6: Template | U6: Biz rule
C7: 2 | E7: Tab/section | F7: Operator | G7: Action | H7: Field name VN | I7: M/O | J7: Field type | K7: Editable | L7: Max length | M7: Format | N7: Default value | O7: LOV | P7: Data source | Q7: Data rule
C8: AMP | E8: Tasklist/Danh sách yêu cầu
F9: User | H9: Mã yêu cầu | I9: M | J9: Text | K9: N | L9: 20
F10: User | H10: Tiêu đề | I10: M | J10: Text | K10: N | L10: 150
F11: User | H11: Người tạo | I11: M | J11: List | K11: N | L11: 20
F12: User | H12: Trạng thái | I12: M | J12: List | K12: N | L12: 20
F13: User | H13: Ngày tạo | I13: M | J13: Date | K13: N | L13: 20
F14: User | H14: Nghiệp vụ kho | I14: M | J14: List | K14: N | L14: 100
F15: User | H15: Người xử lý | I15: O | J15: List | K15: N | L15: 20
F16: User | H16: Ngày xác nhận | I16: O | J16: Date | K16: N | L16: 20
E17: Tìm kiếm yêu cầu
F18: User | G18: Input | H18: Mã yêu cầu | I18: M | J18: Text | K18: Y | L18: 20
F19: User | G19: Input | H19: Tiêu đề | I19: M | J19: Text | K19: Y | L19: 150
F20: User | G20: Select | H20: Người tạo | I20: M | J20: List | K20: Y | L20: 20
F21: User | G21: Select | H21: Trạng thái | I21: M | J21: List | K21: Y | L21: 20
F22: User | G22: Input | H22: Ngày tạo | I22: M | J22: Date | K22: Y | L22: 20
F23: User | G23: Select | H23: Nghiệp vụ kho | I23: M | J23: List | K23: Y | L23: 100
F24: User | G24: Select | H24: Người xử lý | I24: M | J24: List | K24: Y | L24: 20
F25: User | G25: Input | H25: Ngày xác nhận | I25: M | J25: Date | K25: Y | L25: 20
B26: 2. Hiển thị kết quả tìm kiếm | C26: Hệ thống | E26: Danh sách yêu cầu
F27: System | H27: Mã yêu cầu | I27: M | J27: Text | K27: N | L27: 20
F28: System | H28: Tiêu đề | I28: M | J28: Text | K28: N | L28: 150
F29: System | H29: Người tạo | I29: M | J29: List | K29: N | L29: 20
F30: System | H30: Trạng thái | I30: M | J30: List | K30: N | L30: 20
F31: System | H31: Ngày tạo | I31: M | J31: Date | K31: N | L31: 20
F32: System | H32: Nghiệp vụ kho | I32: M | J32: List | K32: N | L32: 100
F33: System | H33: Người xử lý | I33: O | J33: List | K33: N | L33: 20
F34: System | H34: Ngày xác nhận | I34: O | J34: Date | K34: N | L34: 20
B35: 3. Chọn yêu cầu, xem | C35: AMP | F35: User | G35: Select | H35: Yêu cầu
E36: Thông tin chung
F37: System | G37: Display | H37: Số yêu cầu | I37: M | J37: Text | K37: N | L37: 50 | M37: XK.YY.xxxx | Q37: YY = Year, xxxx = số chạy từ 1-9999 không dùng lại
F38: System | G38: Display | H38: Ngày tạo | I38: M | J38: Date | K38: N | L38: 50 | M38: MM.DD.YYYY | N38: Today
F39: System | G39: Input | H39: Tiêu đề | I39: O | J39: Text | K39: Y | L39: 150
E40: DS tài sản xuất kho | Q40: = Danh mục tài sản trong phiếu cấp/thanh lý
F41: System | G41: Display | H41: Mã tài sản | I41: M | K41: N | Q41: Hiển thị mặc định
F42: System | G42: Display | H42: Tên Tài sản | I42: M | K42: N | Q42: Hiển thị mặc định
F43: System | G43: Display | H43: Mô tả TS | I43: M | K43: N | Q43: Hiển thị mặc định
F44: System | G44: Display | H44: Trạng thái TS | I44: M | K44: N | Q44: Hiển thị mặc định
F45: System | G45: Display | H45: Phân nhóm TS (group name) | I45: M | K45: N | Q45: Hiển thị mặc định
F46: System | G46: Display | H46: Nhóm TS (CAT1) | I46: M | K46: N | Q46: Hiển thị mặc định
F47: System | G47: Display | H47: Số PO | I47: M | K47: N | Q47: Hiển thị mặc định
F48: System | G48: Display | H48: Tên nhà cung cấp | I48: O | K48: N | Q48: Ẩn hiện tùy biến
F49: System | G49: Display | H49: Nguyên giá TS (VAT incl) | I49: M | K49: N | Q49: Ẩn hiện tùy biến
F50: System | G50: Display | H50: Mã TS liên quan | I50: O | K50: N | Q50: Ẩn hiện tùy biến
F51: System | G51: Display | H51: Mô tả TS liên quan | I51: O | K51: N | Q51: Ẩn hiện tùy biến
F52: System | G52: Display | H52: Tên người sử dụng | I52: M | K52: N | Q52: Hiển thị mặc định
... F66: System | G66: Display | H66: Ngày bắt đầu sử dụng | I66: O | K66: N | Q66: Ẩn hiện tùy biến
E67: Thông tin kho xuất
F68: System/User | G68: Display/Search/Select | H68: Tên kho | I68: M | J68: List | K68: N | L68: 50 | Q68: = Thông tin kho trên RQ cấp tài sản
F69: System | G69: Display | H69: Địa chỉ kho | I69: M | J69: Text | K69: Y | L69: 50 | P69: OMS
F70: System | G70: Display | H70: Quản lý kho | I70: M | J70: Text | K70: N | L70: 50 | P70: OMS
E71: Thông tin đầu mối nhận hàng
F72: User | G72: Input | H72: Đầu mối | I72: M | J72: Text | K72: Y | L72: 50
F73: User | G73: Input | H73: Số điện thoại | I73: M | J73: Number | K73: Y | L73: 52
F74: User | G74: Input | H74: Thời gian bàn giao | I74: O | J74: Date | K74: Y | L74: 50
E75: Ghi chú | F75: User | G75: Input | H75: Ghi chú | I75: M | J75: Text | K75: Y | L75: 150
E76: Hồ sơ đính kèm
F77: User | G77: Select | H77: Thêm | I77: M | J77: Button | K77: N
F78: User | G78: Select | H78: File | I78: M | K78: N
F79: System/User | G79: Display/Select | H79: Tên thư mục | I79: M | K79: N
F80: System/User | G80: Display/Input | H80: Tên tài liệu | I80: M | J80: Text | K80: N | L80: 150
F81: System | G81: Display | H81: Ngày | I81: M | K81: N
F82: System | G82: Display | H82: Tên | I82: M | K82: N
F83: System | G83: Display | H83: Dung lượng | I83: M | K83: N
F84: System | G84: Display | H84: Tên file | I84: M | K84: N
E85: Quyết định
F86: User | G86: Select | H86: Hủy | I86: M | K86: N
F87: User | G87: Select | H87: Lưu | I87: M | K87: N
F88: User | G88: Select | H88: Lưu | I88: M | K88: N
B90: 4. Nhập lý do hủy | C90: AMP | V90: Ẩn nút "Từ chối" đối với RQ xuất kho link với RQ thanh lý
F91: User | G91: Nhập | H91: Lý do hủy | I91: M | J91: Text | K91: Y | L91: 150
B92: 5. Cập nhật trạng thái yêu cầu | C92: Hệ thống
F93: System | G93: Update | H93: RQ Cấp/Thanh lý | R93: Đã hủy
F94: System | G94: Update | H94: RQ xuất kho | R94: Đã hủy
B95: 6. Unlock tài sản | C95: Hệ thống
F96: System | G96: Update | H96: Trạng thái lock tài sản | Q96: Hệ thống unlock asset. Asset có thể được pickup cho 1 request khác.
F97: System | G97: Update | H97: Update trạng thái trả về trạng thái trước khi thanh lý
B98: 7. Cập nhật tasklist | C98: Hệ thống
F99: System | G99: Update | H99: Tasklist AMP | Q99: "Đã xử lý"
B100: 8. Thông báo cho WK | C100: Hệ thống
F101: System | G101: Send | H101: Email notification | J101: Notification
B104: Trạng thái tài sản chuyển Đã thanh lý ngay khi kết quả được cập nhật
B105: Trường hợp AMP muốn hủy yêu cầu xuất kho từ rq thanh lý ???

Sheet 5.6.1a
A1: <<<
B2: ĐIỀU CHUYỂN TÀI SẢN GIỮA CÁC KHO
B3: Tạo yêu cầu điều chuyển kho

Sheet 5.6.1b
A1: <<<
B2: ĐIỀU CHUYỂN TÀI SẢN GIỮA CÁC KHO
B3: Tạo yêu cầu điều chuyển kho
B5: 1 | C5: 2 | E5: 1 | F5: 2 | G5: 3 | H5: 4 | I5: 5 | J5: 6 | K5: 7 | L5: 8 | M5: 9 | N5: 10 | O5: 11 | P5: 12 | Q5: 13 | R5: 14 | S5: 15 | T5: 16 | U5: 17
B6: 1. Tạo yêu cầu, đính kèm, xem lại yêu cầu | C6: 1 | E6: Data | R6: Status | S6: Notification | T6: Template | U6: Biz rule
C7: 2 | E7: Tab/section | F7: Operator | G7: Action | H7: Field name VN | I7: M/O | J7: Field type | K7: Editable | L7: Max length | M7: Format | N7: Default value | O7: LOV | P7: Data source | Q7: Data rule
C8: AMP | F8: User | G8: Select | H8: Tạo | I8: M | J8: Button | K8: N
E9: Thông tin chung
F10: System | G10: Display | H10: Số yêu cầu | I10: M | J10: Text | K10: N | L10: 50 | M10: CK.YY.xxxx | Q10: YY = Year, xxxx = số chạy từ 1-9999 không dùng lại
F11: System | G11: Display | H11: Ngày tạo | I11: M | J11: Date | K11: N | L11: 50 | M11: MM.DD.YYYY | N11: Today
F12: User | G12: Input | H12: Tiêu đề | I12: O | J12: Text | K12: Y | L12: 150
F13: User | G13: Select | H13: Thêm tài sản | I13: M | J13: Button | K13: N
E14: Tìm kiếm tài sản
F15: User | G15: Input | H15: Mã tài sản | I15: O | J15: Text | K15: N | L15: 20
F16: User | G16: Input | H16: Tên tài sản | I16: O | J16: Text | K16: Y | L16: 20
F17: User | G17: Select | H17: Phân loại tài sản | I17: O | J17: List | K17: N | L17: 20
F18: User | G18: Select | H18: Nhóm tài sản | I18: O | J18: List | K18: N | L18: 20
F19: User | G19: Input | H19: PO number | I19: O | J19: Text | K19: Y | L19: 20
F20: User | G20: Select | H20: Trạng thái TS | I20: O | J20: List | K20: N | L20: 50
F21: User | G21: Select | H21: Tên nhà cung cấp | I21: O | J21: List | K21: N | L21: 50
F22: User | G22: Input | H22: Tên kho | I22: O | J22: List | K22: Y | L22: 50
F23: User | G23: Select | H23: Vị trí đặt tài sản | I23: O | J23: Text | K23: N | L23: 100
E24: DS kết quả tìm kiếm
F25: System | G25: Display | H25: Mã tài sản | I25: M | K25: N | Q25: Hiển thị mặc định
F26: System | G26: Display | H26: Tên Tài sản | I26: M | K26: N | Q26: Hiển thị mặc định
F27: System | G27: Display | H27: Mô tả TS | I27: M | K27: N | Q27: Hiển thị mặc định
F28: System | G28: Display | H28: Trạng thái TS | I28: M | K28: N | Q28: Hiển thị mặc định
F29: System | G29: Display | H29: Phân nhóm TS (group name) | I29: M | K29: N | Q29: Hiển thị mặc định
F30: System | G30: Display | H30: Nhóm TS (CAT1) | I30: M | K30: N | Q30: Hiển thị mặc định
F31: System | G31: Display | H31: Số PO | I31: M | K31: N | Q31: Hiển thị mặc định
F32: System | G32: Display | H32: Tên nhà cung cấp | I32: O | K32: N | Q32: Ẩn hiện tùy biến
F33: System | G33: Display | H33: Nguyên giá TS (VAT incl) | I33: M | K33: N | Q33: Ẩn hiện tùy biến
F34: System | G34: Display | H34: Mã TS liên quan | I34: O | K34: N | Q34: Ẩn hiện tùy biến
F35: System | G35: Display | H35: Mô tả TS liên quan | I35: O | K35: N | Q35: Ẩn hiện tùy biến
F36: System | G36: Display | H36: Tên người sử dụng | I36: M | K36: N | Q36: Hiển thị mặc định
... F50: System | G50: Display | H50: Ngày bắt đầu sử dụng | I50: O | K50: N | Q50: Ẩn hiện tùy biến
E51: DS tài sản điều chuyển
F52: System | G52: Display | H52: Mã tài sản | I52: M | K52: N | Q52: Hiển thị mặc định
F53: System | G53: Display | H53: Tên Tài sản | I53: M | K53: N | Q53: Hiển thị mặc định
F54: System | G54: Display | H54: Mô tả TS | I54: M | K54: N | Q54: Hiển thị mặc định
F55: System | G55: Display | H55: Trạng thái TS | I55: M | K55: N | Q55: Hiển thị mặc định
F56: System | G56: Display | H56: Phân nhóm TS (group name) | I56: M | K56: N | Q56: Hiển thị mặc định
F57: System | G57: Display | H57: Nhóm TS (CAT1) | I57: M | K57: N | Q57: Hiển thị mặc định
F58: System | G58: Display | H58: Số PO | I58: M | K58: N | Q58: Hiển thị mặc định
F59: System | G59: Display | H59: Tên nhà cung cấp | I59: O | K59: N | Q59: Ẩn hiện tùy biến
F60: System | G60: Display | H60: Nguyên giá TS (VAT incl) | I60: M | K60: N | Q60: Ẩn hiện tùy biến
F61: System | G61: Display | H61: Mã TS liên quan | I61: O | K61: N | Q61: Ẩn hiện tùy biến
F62: System | G62: Display | H62: Mô tả TS liên quan | I62: O | K62: N | Q62: Ẩn hiện tùy biến
F63: System | G63: Display | H63: Tên người sử dụng | I63: M | K63: N | Q63: Hiển thị mặc định
... F77: System | G77: Display | H77: Ngày bắt đầu sử dụng | I77: O | K77: N | Q77: Ẩn hiện tùy biến
E78: Thông tin kho đi
F79: System/User | G79: Display/Search/Select | H79: Tên kho | I79: M | J79: List | K79: N | L79: 50
F80: System | G80: Display | H80: Địa chỉ kho | I80: M | J80: Text | K80: Y | L80: 50 | P80: OMS | Q80: Tự động nhận diện, hiển thị theo Tên kho
F81: System | G81: Display | H81: Quản lý kho | I81: M | J81: Text | K81: N | L81: 50 | P81: OMS | Q81: Tự động nhận diện, hiển thị theo Tên kho (Tên | Phòng ban | Email)
E82: Thông tin kho nhập
F83: User | G83: Select | H83: Tên kho | I83: M | J83: List | K83: N | L83: 50
F84: System | G84: Display | H84: Địa chỉ kho | I84: M | J84: Text | K84: Y | L84: 50 | P84: OMS | Q84: Tự động nhận diện, hiển thị theo Tên kho
F85: System | G85: Display | H85: Quản lý kho | I85: M | J85: Text | K85: N | L85: 50 | P85: OMS | Q85: Tự động nhận diện, hiển thị theo Tên kho (Tên | Phòng ban | Email)
E86: Thông tin đầu mối giao hàng
F87: User | G87: Input | H87: Đầu mối | I87: M | J87: Text | K87: Y | L87: 50
F88: User | G88: Input | H88: Số điện thoại | I88: M | J88: Number | K88: Y | L88: 52
F89: User | G89: Input | H89: Thời gian bàn giao | I89: O | J89: Date | K89: Y | L89: 50
E90: Ghi chú | F90: User | G90: Input | H90: Ghi chú | I90: M | J90: Text | K90: Y | L90: 150
E91: Hồ sơ đính kèm
F92: User | G92: Select | H92: Thêm | I92: M | J92: Button | K92: N
F93: User | G93: Select | H93: File | I93: M | K93: N
F94: System/User | G94: Display/Select | H94: Tên thư mục | I94: M | K94: N
F95: System/User | G95: Display/Input | H95: Tên tài liệu | I95: M | J95: Text | K95: N | L95: 150
F96: System | G96: Display | H96: Ngày | I96: M | K96: N
F97: System | G97: Display | H97: Tên | I97: M | K97: N
F98: System | G98: Display | H98: Dung lượng | I98: M | K98: N
F99: System | G99: Display | H99: Tên file | I99: M | K99: N
E100: Quyết định
F101: User | G101: Select | H101: Gửi | I101: M | J101: Button | K101: N
F102: User | G102: Select | H102: Hủy | I102: M | J102: Button | K102: N
B103: 2. Lock tài sản | C103: Hệ thống
F104: System | G104: Update | H104: Trạng thái lock tài sản | Q104: Locked asset không thể được dùng cho 1 request khác cho tới khi request hiện tại hoàn thành
B105: 3. Cập nhật trạng thái yêu cầu | C105: Hệ thống
F106: System | G106: Update | H106: Trạng thái yêu cầu | R106: Chờ phê duyệt
B107: 4. Tìm và gán người duyệt | C107: Hệ thống
F108: System | G108: Lookup/assign
B109: 5. Cập nhật tasklist | C109: Hệ thống
F110: System | G110: Update | H110: Tasklist AM/Warehouse Mgr. | Q110: "Cần xử lý"
B111: 6. Thông báo cho AM, Warehouse Mgr. | C111: Hệ thống
F112: System | G112: Send | H112: Email notification | J112: Notification

Sheet 5.6.2a
A1: <<<
B2: ĐIỀU CHUYỂN TÀI SẢN GIỮA CÁC KHO
B3: Phê duyệt yêu cầu điều chuyển kho

Sheet 5.6.2b
A1: <<<
B2: ĐIỀU CHUYỂN TÀI SẢN GIỮA CÁC KHO
B3: Phê duyệt yêu cầu điều chuyển kho
B5: 1 | C5: 2 | E5: 1 | F5: 2 | G5: 3 | H5: 4 | I5: 5 | J5: 6 | K5: 7 | L5: 8 | M5: 9 | N5: 10 | O5: 11 | P5: 12 | Q5: 13 | R5: 14 | S5: 15 | T5: 16 | U5: 17
B6: 1. Nhập thông tin tìm kiếm yêu cầu | C6: 1 | E6: Data | R6: Status | S6: Notification | T6: Template | U6: Biz rule
C7: 2 | E7: Tab/section | F7: Operator | G7: Action | H7: Field name VN | I7: M/O | J7: Field type | K7: Editable | L7: Max length | M7: Format | N7: Default value | O7: LOV | P7: Data source | Q7: Data rule
C8: Approver | E8: Tìm kiếm yêu cầu
F9: User | G9: Input | H9: Số yêu cầu | I9: O | J9: Text | K9: Y | L9: 20
F10: User | G10: Input | H10: Ngày tạo | I10: O | J10: Date | K10: Y | L10: 20
F11: User | G11: Input | H11: Tiêu đề | I11: O | J11: Text | K11: Y | L11: 150
F12: User | G12: Select | H12: Người tạo | I12: O | J12: List | K12: Y | L12: 20
F13: User | G13: Select | H13: Trạng thái yêu cầu | I13: O | J13: List | K13: Y | L13: 20
F14: User | G14: Select | H14: Người xử lý | I14: O | J14: List | K14: Y | L14: 20
F15: User | G15: Input | H15: Ngày xác nhận | I15: O | J15: Date | K15: Y | L15: 20
B16: 2. Hiển thị kết quả tìm kiếm | C16: Hệ thống | E16: Danh sách yêu cầu
F17: System | G17: Display | H17: Số yêu cầu | I17: M | J17: Text | K17: N | L17: 20
F18: System | G18: Display | H18: Ngày tạo | I18: M | J18: Date | K18: N | L18: 20
F19: System | G19: Display | H19: Tiêu đề | I19: M | J19: Text | K19: N | L19: 150
F20: System | G20: Display | H20: Người tạo | I20: M | J20: Text | K20: N | L20: 20
F21: System | G21: Display | H21: Trạng thái yêu cầu | I21: M | J21: Text | K21: N | L21: 20
F22: System | G22: Display | H22: Người xử lý | I22: O | J22: Text | K22: N | L22: 20
F23: System | G23: Display | H23: Ngày xác nhận | I23: O | J23: Date | K23: N | L23: 20
B24: 3. Chọn và view yêu cầu | C24: Approver | F24: User | G24: Select | H24: Yêu cầu
E25: Thông tin chung
F26: System | G26: Display | H26: Số yêu cầu | I26: M | J26: Text | K26: N | L26: 50 | M26: CK.YY.xxxx | Q26: YY = Year, xxxx = số chạy từ 1-9999 không dùng lại
F27: System | G27: Display | H27: Ngày tạo | I27: M | J27: Date | K27: N | L27: 50 | M27: MM.DD.YYYY | N27: Today
F28: User | G28: Input | H28: Tiêu đề | I28: O | J28: Text | K28: Y | L28: 150
F29: User | G29: Select | H29: Thêm tài sản | I29: M | J29: Button | K29: N
E30: Tìm kiếm tài sản
F31: User | G31: Input | H31: Mã tài sản | I31: O | J31: Text | K31: N | L31: 20
F32: User | G32: Input | H32: Tên tài sản | I32: O | J32: Text | K32: Y | L32: 20
F33: User | G33: Select | H33: Phân loại tài sản | I33: O | J33: List | K33: N | L33: 20
F34: User | G34: Select | H34: Nhóm tài sản | I34: O | J34: List | K34: N | L34: 20
F35: User | G35: Input | H35: PO number | I35: O | J35: Text | K35: Y | L35: 20
F36: User | G36: Select | H36: Trạng thái TS | I36: O | J36: List | K36: N | L36: 50
F37: User | G37: Select | H37: Tên nhà cung cấp | I37: O | J37: List | K37: N | L37: 50
F38: User | G38: Select | H38: Vị trí đặt tài sản | I38: O | J38: Text | K38: N | L38: 100
E39: DS kết quả tìm kiếm
F40: System | G40: Display | H40: Mã tài sản | I40: M | K40: N | Q40: Hiển thị mặc định
F41: System | G41: Display | H41: Tên Tài sản | I41: M | K41: N | Q41: Hiển thị mặc định
F42: System | G42: Display | H42: Mô tả TS | I42: M | K42: N | Q42: Hiển thị mặc định
F43: System | G43: Display | H43: Trạng thái TS | I43: M | K43: N | Q43: Hiển thị mặc định
F44: System | G44: Display | H44: Phân nhóm TS (group name) | I44: M | K44: N | Q44: Hiển thị mặc định
F45: System | G45: Display | H45: Nhóm TS (CAT1) | I45: M | K45: N | Q45: Hiển thị mặc định
F46: System | G46: Display | H46: Số PO | I46: M | K46: N | Q46: Hiển thị mặc định
F47: System | G47: Display | H47: Tên nhà cung cấp | I47: O | K47: N | Q47: Ẩn hiện tùy biến
F48: System | G48: Display | H48: Nguyên giá TS (VAT incl) | I48: M | K48: N | Q48: Ẩn hiện tùy biến
F49: System | G49: Display | H49: Mã TS liên quan | I49: O | K49: N | Q49: Ẩn hiện tùy biến
F50: System | G50: Display | H50: Mô tả TS liên quan | I50: O | K50: N | Q50: Ẩn hiện tùy biến
F51: System | G51: Display | H51: Tên người sử dụng | I51: M | K51: N | Q51: Hiển thị mặc định
... F65: System | G65: Display | H65: Ngày bắt đầu sử dụng | I65: O | K65: N | Q65: Ẩn hiện tùy biến
E66: DS tài sản điều chuyển
F67: System | G67: Display | H67: Mã tài sản | I67: M | K67: N | Q67: Hiển thị mặc định
F68: System | G68: Display | H68: Tên Tài sản | I68: M | K68: N | Q68: Hiển thị mặc định
F69: System | G69: Display | H69: Mô tả TS | I69: M | K69: N | Q69: Hiển thị mặc định
F70: System | G70: Display | H70: Trạng thái TS | I70: M | K70: N | Q70: Hiển thị mặc định
F71: System | G71: Display | H71: Phân nhóm TS (group name) | I71: M | K71: N | Q71: Hiển thị mặc định
F72: System | G72: Display | H72: Nhóm TS (CAT1) | I72: M | K72: N | Q72: Hiển thị mặc định
F73: System | G73: Display | H73: Số PO | I73: M | K73: N | Q73: Hiển thị mặc định
F74: System | G74: Display | H74: Tên nhà cung cấp | I74: O | K74: N | Q74: Ẩn hiện tùy biến
F75: System | G75: Display | H75: Nguyên giá TS (VAT incl) | I75: M | K75: N | Q75: Ẩn hiện tùy biến
F76: System | G76: Display | H76: Mã TS liên quan | I76: O | K76: N | Q76: Ẩn hiện tùy biến
F77: System | G77: Display | H77: Mô tả TS liên quan | I77: O | K77: N | Q77: Ẩn hiện tùy biến
F78: System | G78: Display | H78: Tên người sử dụng | I78: M | K78: N | Q78: Hiển thị mặc định
... F92: System | G92: Display | H92: Ngày bắt đầu sử dụng | I92: O | K92: N | Q92: Ẩn hiện tùy biến
E93: Thông tin kho đi
F94: System | G94: Display | H94: Tên kho | I94: M | J94: List | K94: N | L94: 50
F95: System | G95: Display | H95: Địa chỉ kho | I95: M | J95: Text | K95: N | L95: 50 | P95: OMS | Q95: Tự động nhận diện, hiển thị theo Tên kho
F96: System | G96: Display | H96: Quản lý kho | I96: M | J96: Text | K96: N | L96: 50 | P96: OMS | Q96: Tự động nhận diện, hiển thị theo Tên kho (Tên | Phòng ban | Email)
E97: Thông tin kho nhập
F98: User | G98: Select | H98: Tên kho | I98: M | J98: List | K98: N | L98: 50
F99: System | G99: Display | H99: Địa chỉ kho | I99: M | J99: Text | K99: N | L99: 50 | P99: OMS | Q99: Tự động nhận diện, hiển thị theo Tên kho
F100: System | G100: Display | H100: Quản lý kho | I100: M | J100: Text | K100: N | L100: 50 | P100: OMS | Q100: Tự động nhận diện, hiển thị theo Tên kho (Tên | Phòng ban | Email)
E101: Thông tin đầu mối giao hàng
F102: User | G102: Input | H102: Đầu mối | I102: M | J102: Text | K102: N | L102: 50
F103: User | G103: Input | H103: Số điện thoại | I103: M | J103: Number | K103: N | L103: 52
F104: User | G104: Input | H104: Thời gian bàn giao | I104: O | J104: Date | K104: N | L104: 50
E105: Ghi chú | F105: User | G105: Input | H105: Ghi chú | I105: M | J105: Text | K105: N | L105: 150
E106: Hồ sơ đính kèm
F107: User | G107: Select | H107: Thêm | I107: M | J107: Button | K107: Y
F108: User | G108: Select | H108: File | I108: M | K108: Y
F109: System | G109: Display | H109: Tên thư mục | I109: M | K109: N
F110: System | G110: Display | H110: Tên tài liệu | I110: M | J110: Text | K110: N | L110: 150
F111: System | G111: Display | H111: Ngày | I111: M | K111: N
F112: System | G112: Display | H112: Tên | I112: M | K112: N
F113: System | G113: Display | H113: Dung lượng | I113: M | K113: N
F114: System | G114: Display | H114: Tên file | I114: M | K114: Y
E115: Quyết định
F116: User | G116: Select | H116: Từ chối | I116: M | J116: Button | K116: N
F117: User | G117: Select | H117: Phê duyệt | I117: M | J117: Button | K117: N
B118: 4. Nhập lý do từ chối | C118: Approver
F119: User | G119: Input | H119: Lý do từ chối | I119: O | J119: Text | K119: Y | L119: 150
B120: 5. Cập nhật trạng thái yêu cầu | C120: Hệ thống
F121: System | G121: Update | H121: RQ điều chuyển kho | R121: Từ chối
B122: 6. Unlock tài sản | C122: Hệ thống
F123: System | G123: Update | H123: Trạng thái lock tài sản
B124: 7. Cập nhật tasklist | C124: Hệ thống
F125: System | G125: Update | H125: Tasklist Approver | Q125: Đã xử lý
F126: System | G126: Update | H126: Tasklist AMP | Q126: Cần xử lý
B127: 8. Thông báo cho AMP | C127: Hệ thống
...

Sheet Status
A1: <<< | B1: STATUS
B3: 1 | C3: 2 | F3: 4 | G3: 5
B4: Process | C4: Sub-process | D4: PIC | E4: Action | F4: Rq Status | H4: Asset status | I4: Note
B5: Cấp tài sản | C5: - | E5: - | F5: Cấp tài sản | G5: Xuất kho | H5: -
B6: Cấp tài sản không ở kho | C6: 1 Tạo yêu cầu | D6: AMP | E6: Lưu | F6: Đang tạo
E7: Gửi | F7: Chờ xác nhận
C8: 2. Xác nhận | D8: BU User | E8: Từ chối | F8: Từ chối
E9: Xác nhận | F9: Đã xác nhận | H9: Đang sử dụng | I9: Đã xác nhận >>> Đã nhận tài sản
E10: Bổ sung thông tin | F10: Bổ sung thông tin
C11: 3. Bổ sung TT | D11: AMP | E11: Bổ sung thông tin | F11: Chờ xác nhận
B12: Cấp tài sản từ kho | C12: 1. Tạo yêu cầu | D12: AMP | E12: Lưu | F12: Đang tạo
E13: Gửi | F13: Chờ xác nhận
C14: 2. Phê duyệt | D14: AM | E14: Từ chối | F14: Từ chối
E15: Duyệt | F15: Đã xác nhận
C16: 3. Tạo yêu cầu | D16: System | F16: Đã xác nhận | G16: Chờ xuất kho
C17: 4. Xuất kho | D17: WK | E17: Từ chối | F17: Từ chối | G17: Từ chối
E18: Đồng ý | F18: Đã xác nhận | G18: Chờ phê duyệt
C19: 5. Phê duyệt | D19: Warehouse Mgr. | E19: Từ chối | F19: Từ chối | G19: Từ chối
E20: Duyệt | F20: Đã xác nhận | G20: Chờ xác nhận
C21: 6. Nhận hàng | D21: BU User | E21: Từ chối | F21: Từ chối | G21: Từ chối
E22: Xác nhận | F22: Đã xác nhận | G22: Đã nhận tài sản | H22: Đang sử dụng
B23: Thanh lý tài sản | C23: - | E23: - | F23: Thanh lý | G23: Xuất kho
B24: Bán trực tiếp | C24: 1.. Tạo yêu cầu | D24: AMP | E24: Lưu | F24: Đang tạo
E25: Gửi | F25: Chờ kiểm soát
C26: 2. Kiểm soát | D26: Checker | E26: Từ chối | F26: Từ chối
E27: Yêu cầu bổ sung thông tin | F27: Bổ sung thông tin
E28: Đồng ý | F28: Chờ phê duyệt
C29: 3. Phê duyệt | D29: Approver | E29: Từ chối | F29: Đang tạo
E30: Yêu cầu bổ sung thông tin | F30: Bổ sung thông tin
E31: Phê duyệt | F31: Chờ cập nhật kết quả
C32: 4. Cập nhật kết quả thanh lý | D32: AMP | E32: Hủy | F32: Đã hủy
E33: Cập nhật kết quả | F33: Đã cập nhật kết quả thanh lý | H33: Đã thanh lý
C34: 5. Tạo yêu cầu xuất kho | D34: System | E34: Send | F34: Đã cập nhật kết quả thanh lý | G34: Chờ xuất kho | H34: Đã thanh lý
C35: 5.1 View yêu cầu xuất kho | D35: AMP | E35: Hủy | F35: Đã hủy | G35: Đã hủy | H35: Trả lại trạng thái ban đầu trước khi thanh lý
C37: 6. Tiếp nhận yêu cầu xuất kho | D37: WK | E37: Đồng ý | F37: Đã cập nhật kết quả thanh lý | G37: Chờ phê duyệt | H37: Đã thanh lý
C38: 7. Phê duyệt yêu cầu xuât kho | D38: Warehouse Mgr. | E38: Phê duyệt | F38: Đã cập nhật kết quả thanh lý | G38: Chờ xác nhận | H38: Đã thanh lý
C39: 8. Nhận hàng | D39: AMP | E39: Từ chối | F39: Từ chối | G39: Từ chối | H39: Trả lại trạng thái ban đầu trước khi thanh lý
E40: Xác nhận | F40: Đã cập nhật kết quả thanh lý | G40: Đã xác nhận | H40: Đã thanh lý
B41: Bán đấu giá | C41: 1.. Tạo yêu cầu | D41: AMP | E41: Lưu | F41: Đang tạo
E42: Gửi | F42: Chờ kiểm soát
C43: 2. Kiểm soát | D43: Checker | E43: Từ chối | F43: Từ chối
E44: Yêu cầu bổ sung thông tin | F44: Bổ sung thông tin
E45: Đồng ý | F45: Chờ phê duyệt
C46: 3. Phê duyệt | D46: Approver | E46: Từ chối | F46: Đang tạo
E47: Yêu cầu bổ sung thông tin | F47: Bổ sung thông tin
E48: Phê duyệt | F48: Chờ cập nhật kết quả
C49: 4. Tạo yêu cầu phê duyệt kết quả thanh lý | D49: AMP | E49: Hủy | F49: Đã hủy
E50: Cập nhật kết quả | F50: Đã cập nhật kết quả thanh lý
C51: 5. Kiểm soát kết quả thanh lý | D51: Checker | E51: Từ chối | F51: Từ chối
E52: Yêu cầu bổ sung thông tin | F52: Bổ sung thông tin
E53: Đồng ý | F53: Chờ phê duyệt kết quả thanh lý
C54: 6. Phê duyệt kết quả thanh lý | D54: Approver | E54: Từ chối | F54: Từ chối
E55: Yêu cầu bổ sung thông tin | F55: Bổ sung thông tin
E56: Đồng ý | F56: Đã phê duyệt kết quả thanh lý | H56: Đã thanh lý
C57: 7. Tạo yêu cầu xuất kho | D57: System | E57: Send | F57: Đã cập nhật kết quả thanh lý | G57: Chờ xuất kho | H57: Đã thanh lý
C58: 7.1 View yêu cầu xuất kho | D58: AMP | E58: Hủy | F58: Đã hủy | G58: Đã hủy | H58: Trả lại trạng thái ban đầu trước khi thanh lý
C60: 8. Tiếp nhận yêu cầu xuất kho | D60: WK | E60: Đồng ý | F60: Đã cập nhật kết quả thanh lý | G60: Chờ phê duyệt | H60: Đã thanh lý
C61: 9. Phê duyệt yêu cầu xuât kho | D61: Warehouse Mgr. | E61: Phê duyệt | F61: Đã cập nhật kết quả thanh lý | G61: Chờ xác nhận | H61: Đã thanh lý
C62: 10. Nhận hàng | D62: AMP | E62: Từ chối | F62: Từ chối | G62: Từ chối | H62: Trả lại trạng thái ban đầu trước khi thanh lý
E63: Xác nhận | F63: Đã cập nhật kết quả thanh lý | G63: Đã xác nhận | H63: Đã thanh lý
B64: Điều chuyển tài sản | C64: - | E64: - | F64: Điều chuyển | G64: Nhập kho
B65: Điều chuyển về kho | C65: 1. Tạo yêu cầu | D65: BU user | E65: Lưu | F65: Đang tạo
E66: Gửi | F66: Chờ phê duyệt
C67: 2. Phê duyệt yêu cầu | D67: BU Head | E67: Từ chối | F67: Từ chối
E68: Yêu cầu bổ sung thông tin | F68: Bổ sung thông tin
E69: Phê duyệt | F69: Chờ xác nhận
C70: 3. Xác nhận điều chuyển | D70: AMP | E70: Từ chối | F70: Từ chối
E71: Đồng ý | F71: Đã xác nhận
C72: 4. Tạo yêu cầu nhập kho | D72: System | E72: Send | F72: Đã xác nhận | G72: Chờ phê duyệt
C73: 5. Phê duyệt nhập kho | D73: Warehouse Mgr. | E73: Từ chối | F73: Từ chối | G73: Từ chối
E74: Phê duyệt | F74: Đã xác nhận | G74: Chờ nhập kho
C75: 6. Nhập kho tài sản | D75: WK | E75: Từ chối | F75: Từ chối | G75: Từ chối
E76: Xác nhận | F76: Đã xác nhận | G76: Đã xác nhận | H76: Đã nhập kho
B77: Điều chuyển giữa các kho | C77: 1. Tạo yêu cầu | D77: AMP | E77: Lưu | F77: Đang tạo
E78: Gửi | F78: Chờ phê duyệt
C79: 2. Phê duyệt yêu cầu | D79: AM, Warehouse Mgr. | E79: Từ chối | F79: Từ chối
E80: Phê duyệt | F80: Đã phê duyệt
C81: 3.Tạo biên bản nhập kho | D81: System | E81: Send
C82: 4.Giao tài sản | D82: WK kho đi
C83: 5.Nhận tài sản | D83: WK kho đến

Sheet Tasklist
B3: 1 | C3: 2 | E3: 3 | G3: 4 | H3: 5 | I3: 6 | J3: 7
B4: Process | C4: Sub-process | D4: Action | F4: Role | G4: Tasklist Điều chuyển | I4: Tasklist Kho
G5: Cần xử lý | H5: Đã xử lý | I5: Cần xử lý | J5: Đã xử lý
C6: 2.3.1a Tạo yêu cầu điều chuyển | D6: Lưu | F6: Initator | G6: x
D7: Gửi | H7: x
C8: 2.3.3a Phê duyệt yêu cầu điều chuyển | D8: Từ chối | F8: Initator | G8: x
F9: BUH | H9: x
D10: Duyệt | F10: Initator | H10: x
F11: BUH | H11: x
F12: AMP | G12: x
D13: Bổ sung thông tin | F13: Initator | G13: x
F14: BUH | H14: x
C15: 5.2.2a Xác nhận yêu cầu điều chuyển | D15: Từ chối | F15: Initator | G15: x
F16: BUH | H16: x
F17: AMP | H17: x
D18: Bổ sung thông tin | F18: Initator | G18: x
F19: BUH | H19: x
F20: AMP | H20: x
D21: Xác nhận & Yêu cầu nhập kho | E21: Gửi | F21: Initator | G21: x
F22: BUH | H22: x
F23: AMP | H23: x | J23: x
F24: WM | I24: x
D25: Phê duyệt yêu cầu nhập kho | E25: Từ chối | F25: Initator | G25: x | I25: x | K25: Vấn đề về quy trình xử lý
F26: BUH
F27: AMP
F28: WM
E29: Duyệt
D30: Xác nhận nhập kho | E30: Từ chối
E31: Xác nhận

Sheet 5.7.2b (2)
A1: <<<
B2: ĐIỀU CHUYỂN TÀI SẢN GIỮA CÁC KHO
B3: Phê duyệt yêu cầu điều chuyển kho
B5: 1 | C5: 2 | E5: 1 | F5: 2 | G5: 3 | H5: 4 | I5: 5 | J5: 6 | K5: 7 | L5: 8 | M5: 9 | N5: 10 | O5: 11 | P5: 12 | Q5: 13 | R5: 14 | S5: 15 | T5: 16 | U5: 17
B6: 1. Nhập thông tin tìm kiếm yêu cầu | C6: 1 | E6: Data | R6: Status | S6: Notification | T6: Template | U6: Biz rule
C7: 2 | E7: Tab/section | F7: Operator | G7: Action | H7: Field name VN | I7: M/O | J7: Field type | K7: Editable | L7: Max length | M7: Format | N7: Default value | O7: LOV | P7: Data source | Q7: Data rule
C8: Approver | E8: Tìm kiếm yêu cầu
F9: User | G9: Input | H9: Số yêu cầu | I9: O | J9: Text | K9: Y | L9: 20
F10: User | G10: Input | H10: Ngày tạo | I10: O | J10: Date | K10: Y | L10: 20
F11: User | G11: Input | H11: Tiêu đề | I11: O | J11: Text | K11: Y | L11: 150
F12: User | G12: Select | H12: Người tạo | I12: O | J12: List | K12: Y | L12: 20
F13: User | G13: Select | H13: Trạng thái yêu cầu | I13: O | J13: List | K13: Y | L13: 20
F14: User | G14: Select | H14: Người xử lý | I14: O | J14: List | K14: Y | L14: 20
F15: User | G15: Input | H15: Ngày xác nhận | I15: O | J15: Date | K15: Y | L15: 20
B16: 2. Hiển thị kết quả tìm kiếm | C16: Hệ thống | E16: Danh sách yêu cầu
F17: System | G17: Display | H17: Số yêu cầu | I17: M | J17: Text | K17: N | L17: 20
F18: System | G18: Display | H18: Ngày tạo | I18: M | J18: Date | K18: N | L18: 20
F19: System | G19: Display | H19: Tiêu đề | I19: M | J19: Text | K19: N | L19: 150
F20: System | G20: Display | H20: Người tạo | I20: M | J20: Text | K20: N | L20: 20
F21: System | G21: Display | H21: Trạng thái yêu cầu | I21: M | J21: Text | K21: N | L21: 20
F22: System | G22: Display | H22: Người xử lý | I22: O | J22: Text | K22: N | L22: 20
F23: System | G23: Display | H23: Ngày xác nhận | I23: O | J23: Date | K23: N | L23: 20
B24: 3. Chọn và view yêu cầu | C24: Approver | F24: User | G24: Select | H24: Yêu cầu
E25: Thông tin chung
F26: System | G26: Display | H26: Số yêu cầu | I26: M | J26: Text | K26: N | L26: 50 | M26: CK.YY.xxxx | Q26: YY = Year, xxxx = số chạy từ 1-9999 không dùng lại
F27: System | G27: Display | H27: Ngày tạo | I27: M | J27: Date | K27: N | L27: 50 | M27: MM.DD.YYYY | N27: Today
F28: User | G28: Input | H28: Tiêu đề | I28: O | J28: Text | K28: Y | L28: 150
F29: User | G29: Select | H29: Thêm tài sản | I29: M | J29: Button | K29: N
E30: Tìm kiếm tài sản
F31: User | G31: Input | H31: Mã tài sản | I31: O | J31: Text | K31: N | L31: 20
F32: User | G32: Input | H32: Tên tài sản | I32: O | J32: Text | K32: Y | L32: 20
F33: User | G33: Select | H33: Phân loại tài sản | I33: O | J33: List | K33: N | L33: 20
F34: User | G34: Select | H34: Nhóm tài sản | I34: O | J34: List | K34: N | L34: 20
F35: User | G35: Input | H35: PO number | I35: O | J35: Text | K35: Y | L35: 20
F36: User | G36: Select | H36: Trạng thái TS | I36: O | J36: List | K36: N | L36: 50
F37: User | G37: Select | H37: Tên nhà cung cấp | I37: O | J37: List | K37: N | L37: 50
F38: User | G38: Select | H38: Vị trí đặt tài sản | I38: O | J38: Text | K38: N | L38: 100
E39: DS kết quả tìm kiếm
F40: System | G40: Display | H40: Mã tài sản | I40: M | K40: N
F41: System | G41: Display | H41: Tên tài sản | I41: M | K41: N
F42: System | G42: Display | H42: Phân loại tài sản | I42: M | K42: N
F43: System | G43: Display | H43: Nhóm tài sản | I43: M | K43: N
F44: User | G44: Input | H44: Tên kho | I44: O | K44: N | Q44: Ẩn trên màn hình, user có thẻ config hiển thị trường thông tin
F45: System | G45: Display | H45: Đơn vị sử dụng | I45: O | K45: N | Q45: Ẩn trên màn hình, user có thẻ config hiển thị trường thông tin
F46: System | G46: Display | H46: Người sử dụng | I46: O | K46: N | Q46: Ẩn trên màn hình, user có thẻ config hiển thị trường thông tin
F47: System | G47: Display | H47: Nguyên giá TS (VAT incl) | I47: M | K47: N | Q47: Ẩn trên màn hình, user có thẻ config hiển thị trường thông tin
F48: System | G48: Display | H48: Trạng thái tài sản | I48: O | K48: N | Q48: Ẩn trên màn hình, user có thẻ config hiển thị trường thông tin
F49: System | G49: Display | H49: PO number | I49: M | K49: N
F50: System | G50: Display | H50: CAT2 | I50: O | K50: N | Q50: Ẩn trên màn hình, user có thẻ config hiển thị trường thông tin
F51: System | G51: Display | H51: Group name | I51: O | K51: N | Q51: Ẩn trên màn hình, user có thẻ config hiển thị trường thông tin
F52: System | G52: Display | H52: Mô tả TS | I52: M | K52: N | Q52: Ẩn trên màn hình, user có thẻ config hiển thị trường thông tin
F53: System | G53: Display | H53: Item code | I53: O | K53: N
F54: System | G54: Display | H54: Mã TS liên quan | I54: O | K54: N | Q54: Ẩn trên màn hình, user có thẻ config hiển thị trường thông tin
F55: System | G55: Display | H55: Mô tả TS liên quan | I55: O | K55: N | Q55: Ẩn trên màn hình, user có thẻ config hiển thị trường thông tin
F56: System | G56: Display | H56: Mã nhân viên | I56: O | K56: N | Q56: Ẩn trên màn hình, user có thẻ config hiển thị trường thông tin
F57: System | G57: Display | H57: Địa chỉ đặt TS | I57: O | K57: N | Q57: Ẩn trên màn hình, user có thẻ config hiển thị trường thông tin
F58: System | G58: Display | H58: Tầng đặt TS | I58: O | K58: N | Q58: Ẩn trên màn hình, user có thẻ config hiển thị trường thông tin
F59: System | G59: Display | H59: Phòng đặt TS | I59: O | K59: N | Q59: Ẩn trên màn hình, user có thẻ config hiển thị trường thông tin
F60: System | G60: Display | H60: Ngày kết thúc bảo hành | I60: O | K60: N | Q60: Ẩn trên màn hình, user có thẻ config hiển thị trường thông tin
F61: System | G61: Display | H61: Công ty bảo hành | I61: O | K61: N | Q61: Ẩn trên màn hình, user có thẻ config hiển thị trường thông tin
F62: System | G62: Display | H62: Tên người liên hệ bảo hành | I62: O | K62: N | Q62: Ẩn trên màn hình, user có thẻ config hiển thị trường thông tin
F63: System | G63: Display | H63: Điện thoại người liên hệ | I63: O | K63: N | Q63: Ẩn trên màn hình, user có thẻ config hiển thị trường thông tin
F64: System | G64: Display | H64: Mã Yêu cầu | I64: O | K64: N | Q64: Ẩn trên màn hình, user có thẻ config hiển thị trường thông tin
E65: DS tài sản điều chuyển
F66: System | G66: Display | H66: Mã tài sản | I66: M | K66: N
F67: System | G67: Display | H67: Tên Tài sản | I67: M | K67: N
F68: System/User | G68: Display/Edit | H68: Mô tả TS | I68: M | K68: N
F69: System | G69: Display | H69: Trạng thái TS | I69: O | K69: N
F70: System | G70: Display | H70: Phân nhóm TS (group name) | I70: M | K70: N
F71: System | G71: Display | H71: Nhóm TS (CAT1) | I71: M | K71: N
F72: System | G72: Display | H72: Số PO | I72: M | K72: N
F73: System | G73: Display | H73: Tên nhà cung cấp | I73: M | K73: N
F74: System | G74: Display | H74: Nguyên giá TS (VAT incl) | I74: M | K74: N
F75: System | G75: Display | H75: Mã TS liên quan | I75: O | K75: N
F76: System | G76: Display | H76: Mô tả TS liên quan | I76: O | K76: N
F77: System | G77: Display | H77: Tên người sử dụng | I77: O | K77: N
... F86: System | G86: Display | H86: Thời hạn bảo hành | I86: O | K86: N
F87: System | G87: Display | H87: Ngày kết thúc bảo hành | I87: O | K87: N | Q87: = Ngày bắt đầu bảo hành + thời hạn bảo hành
F88: System | G88: Display | H88: Công ty bảo hành | I88: O | K88: N
F89: System | G89: Display | H89: Tên người liên hệ bảo hành | I89: O | K89: N
F90: System | G90: Display | H90: Điện thoại người liên hệ | I90: O | K90: N
F91: System | G91: Display | H91: Ngày bắt đầu sử dụng | I91: O | K91: N | Q91: Ts từ EMS: Tự động đồng bộ ngày PO = ngày sử dụng.
E92: Thông tin kho đi
F93: System | G93: Display | H93: Tên kho | I93: M | J93: List | K93: N | L93: 50
F94: System | G94: Display | H94: Địa chỉ kho | I94: M | J94: Text | K94: N | L94: 50 | P94: OMS | Q94: Tự động nhận diện, hiển thị theo Tên kho
F95: System | G95: Display | H95: Quản lý kho | I95: M | J95: Text | K95: N | L95: 50 | P95: OMS | Q95: Tự động nhận diện, hiển thị theo Tên kho (Tên | Phòng ban | Email)
E96: Thông tin kho nhập
F97: User | G97: Select | H97: Tên kho | I97: M | J97: List | K97: N | L97: 50
F98: System | G98: Display | H98: Địa chỉ kho | I98: M | J98: Text | K98: N | L98: 50 | P98: OMS | Q98: Tự động nhận diện, hiển thị theo Tên kho
F99: System | G99: Display | H99: Quản lý kho | I99: M | J99: Text | K99: N | L99: 50 | P99: OMS | Q99: Tự động nhận diện, hiển thị theo Tên kho (Tên | Phòng ban | Email)
E100: Thông tin đầu mối giao hàng
F101: User | G101: Input | H101: Đầu mối | I101: M | J101: Text | K101: N | L101: 50
F102: User | G102: Input | H102: Số điện thoại | I102: M | J102: Number | K102: N | L102: 52
F103: User | G103: Input | H103: Thời gian bàn giao | I103: O | J103: Date | K103: N | L103: 50
E104: Ghi chú | F104: User | G104: Input | H104: Ghi chú | I104: M | J104: Text | K104: N | L104: 150
E105: Hồ sơ đính kèm
F106: User | G106: Select | H106: Thêm | I106: M | J106: Button | K106: Y
F107: User | G107: Select | H107: File | I107: M | K107: Y
F108: System | G108: Display | H108: Tên thư mục | I108: M | K108: N
F109: System | G109: Display | H109: Tên tài liệu | I109: M | J109: Text | K109: N | L109: 150
...
